Location_Regex,n_both,n_total,Normalized_Mentions
(?:[^a-zA-Z]|\b)aagtekerke(?:[^a-zA-Z]|\b),0,3,0.0
(?:[^a-zA-Z]|\b)aalsmeer(?:[^a-zA-Z]|\b),7,43,0.16279069767441862
(?:[^a-zA-Z]|\b)aalst(?:[^a-zA-Z]|\b),0,36,0.0
(?:[^a-zA-Z]|\b)aalten(?:[^a-zA-Z]|\b),2,33,0.06060606060606061
(?:[^a-zA-Z]|\b)ter.?aar(?:[^a-zA-Z]|\b),2,17,0.11764705882352941
(?:[^a-zA-Z]|\b)aardenburg(?:[^a-zA-Z]|\b),2,4,0.5
(?:[^a-zA-Z]|\b)aarlanderveen(?:[^a-zA-Z]|\b),3,27,0.1111111111111111
(?:[^a-zA-Z]|\b)aarle.?rixtel(?:[^a-zA-Z]|\b),0,0,0.0
(?:[^a-zA-Z]|\b)abbekerk(?:[^a-zA-Z]|\b),0,2,0.0
(?:[^a-zA-Z]|\b)abbenbroek(?:[^a-zA-Z]|\b),1,13,0.07692307692307693
(?:[^a-zA-Z]|\b)abcoude.?baambrugge(?:[^a-zA-Z]|\b),1,14,0.07142857142857142
(?:[^a-zA-Z]|\b)abcoude.?proostd(ij|y)(?:[^a-zA-Z]|\b),1,29,0.034482758620689655
(?:[^a-zA-Z]|\b)achtkarspelen(?:[^a-zA-Z]|\b),0,5,0.0
(?:[^a-zA-Z]|\b)achttienhoven(?:[^a-zA-Z]|\b),0,13,0.0
(?:[^a-zA-Z]|\b)adorp(?:[^a-zA-Z]|\b),0,0,0.0
(?:[^a-zA-Z]|\b)aduard(?:[^a-zA-Z]|\b),1,13,0.07692307692307693
(?:[^a-zA-Z]|\b)aengwirden(?:[^a-zA-Z]|\b),1,2,0.5
(?:[^a-zA-Z]|\b)akersloot(?:[^a-zA-Z]|\b),0,6,0.0
(?:[^a-zA-Z]|\b)alblas(?:[^a-zA-Z]|\b),2,11,0.18181818181818182
(?:[^a-zA-Z]|\b)alblasserdam(?:[^a-zA-Z]|\b),3,21,0.14285714285714285
(?:[^a-zA-Z]|\b)alem(?:[^a-zA-Z]|\b),3,10,0.3
(?:[^a-zA-Z]|\b)alkemade(?:[^a-zA-Z]|\b),6,35,0.17142857142857143
(?:[^a-zA-Z]|\b)alkmaar(?:[^a-zA-Z]|\b),17,199,0.08542713567839195
(?:[^a-zA-Z]|\b)almelo(?:[^a-zA-Z]|\b),32,169,0.1893491124260355
(?:[^a-zA-Z]|\b)almelo(?:[^a-zA-Z]|\b),32,169,0.1893491124260355
(?:[^a-zA-Z]|\b)almkerk(?:[^a-zA-Z]|\b),0,5,0.0
(?:[^a-zA-Z]|\b)alphen(?:[^a-zA-Z]|\b),25,108,0.23148148148148148
(?:[^a-zA-Z]|\b)alphen(?:[^a-zA-Z]|\b),25,108,0.23148148148148148
(?:[^a-zA-Z]|\b)amb(ij|y)(?:[^a-zA-Z]|\b),0,0,0.0
(?:[^a-zA-Z]|\b)ameide(?:[^a-zA-Z]|\b),5,30,0.16666666666666666
(?:[^a-zA-Z]|\b)ameland(?:[^a-zA-Z]|\b),5,30,0.16666666666666666
(?:[^a-zA-Z]|\b)amerongen(?:[^a-zA-Z]|\b),12,59,0.2033898305084746
(?:[^a-zA-Z]|\b)amersfoort(?:[^a-zA-Z]|\b),23,149,0.15436241610738255
(?:[^a-zA-Z]|\b)ammerstol(?:[^a-zA-Z]|\b),1,5,0.2
(?:[^a-zA-Z]|\b)ammerzoden(?:[^a-zA-Z]|\b),7,21,0.3333333333333333
(?:[^a-zA-Z]|\b)amstenrade(?:[^a-zA-Z]|\b),0,1,0.0
(?:[^a-zA-Z]|\b)amste.?dam(?:[^a-zA-Z]|\b)|(?:[^a-zA-Z]|\b)amst\.(?:[^a-zA-Z]|\b),326,2934,0.1111111111111111
(?:[^a-zA-Z]|\b)andel(?:[^a-zA-Z]|\b),13,52,0.25
(?:[^a-zA-Z]|\b)and(ij|y)k(?:[^a-zA-Z]|\b),4,5,0.8
(?:[^a-zA-Z]|\b)angerlo(?:[^a-zA-Z]|\b),0,2,0.0
(?:[^a-zA-Z]|\b)ankeveen(?:[^a-zA-Z]|\b),0,2,0.0
(?:[^a-zA-Z]|\b)anlo(?:[^a-zA-Z]|\b),0,3,0.0
(?:[^a-zA-Z]|\b)apeldoorn(?:[^a-zA-Z]|\b),13,97,0.13402061855670103
(?:[^a-zA-Z]|\b)appeltern(?:[^a-zA-Z]|\b),0,0,0.0
(?:[^a-zA-Z]|\b)appingedam(?:[^a-zA-Z]|\b),3,11,0.2727272727272727
(?:[^a-zA-Z]|\b)arcen.?en.?velden(?:[^a-zA-Z]|\b),0,1,0.0
(?:[^a-zA-Z]|\b)arkel(?:[^a-zA-Z]|\b),1,7,0.14285714285714285
(?:[^a-zA-Z]|\b)arnemuiden(?:[^a-zA-Z]|\b),3,13,0.23076923076923078
(?:[^a-zA-Z]|\b)arnh(em|\.)(?:[^a-zA-Z]|\b),122,793,0.15384615384615385
(?:[^a-zA-Z]|\b)asperen(?:[^a-zA-Z]|\b),15,31,0.4838709677419355
(?:[^a-zA-Z]|\b)assen(?:[^a-zA-Z]|\b),29,206,0.1407766990291262
(?:[^a-zA-Z]|\b)assendelft(?:[^a-zA-Z]|\b),2,24,0.08333333333333333
(?:[^a-zA-Z]|\b)asten(?:[^a-zA-Z]|\b),3,30,0.1
(?:[^a-zA-Z]|\b)avenhorn(?:[^a-zA-Z]|\b),1,10,0.1
(?:[^a-zA-Z]|\b)avereest(?:[^a-zA-Z]|\b),8,33,0.24242424242424243
(?:[^a-zA-Z]|\b)axel(?:[^a-zA-Z]|\b),0,17,0.0
(?:[^a-zA-Z]|\b)baarderadeel(?:[^a-zA-Z]|\b),0,6,0.0
(?:[^a-zA-Z]|\b)baardw(ij|y)k(?:[^a-zA-Z]|\b),0,0,0.0
(?:[^a-zA-Z]|\b)baarland(?:[^a-zA-Z]|\b),0,0,0.0
(?:[^a-zA-Z]|\b)baarle.?nassau(?:[^a-zA-Z]|\b),2,10,0.2
(?:[^a-zA-Z]|\b)baarn(?:[^a-zA-Z]|\b),6,52,0.11538461538461539
(?:[^a-zA-Z]|\b)baexem(?:[^a-zA-Z]|\b),0,0,0.0
(?:[^a-zA-Z]|\b)baflo(?:[^a-zA-Z]|\b),0,5,0.0
(?:[^a-zA-Z]|\b)bakel(?:[^a-zA-Z]|\b),0,2,0.0
(?:[^a-zA-Z]|\b)balgo(ij|y)(?:[^a-zA-Z]|\b),0,0,0.0
(?:[^a-zA-Z]|\b)barendrecht(?:[^a-zA-Z]|\b),5,34,0.14705882352941177
(?:[^a-zA-Z]|\b)barneveld(?:[^a-zA-Z]|\b),5,30,0.16666666666666666
(?:[^a-zA-Z]|\b)barradeel(?:[^a-zA-Z]|\b),7,20,0.35
(?:[^a-zA-Z]|\b)barsingerhorn(?:[^a-zA-Z]|\b),1,5,0.2
(?:[^a-zA-Z]|\b)barwoutswaarder(?:[^a-zA-Z]|\b),8,22,0.36363636363636365
(?:[^a-zA-Z]|\b)batenburg(?:[^a-zA-Z]|\b),0,22,0.0
(?:[^a-zA-Z]|\b)bathmen(?:[^a-zA-Z]|\b),0,0,0.0
(?:[^a-zA-Z]|\b)bedum(?:[^a-zA-Z]|\b),2,5,0.4
(?:[^a-zA-Z]|\b)beegden(?:[^a-zA-Z]|\b),0,1,0.0
(?:[^a-zA-Z]|\b)beek(?:[^a-zA-Z]|\b),9,126,0.07142857142857142
(?:[^a-zA-Z]|\b)beek.?en.?donk(?:[^a-zA-Z]|\b),0,5,0.0
(?:[^a-zA-Z]|\b)beemster(?:[^a-zA-Z]|\b),1,20,0.05
(?:[^a-zA-Z]|\b)beers(?:[^a-zA-Z]|\b),0,7,0.0
(?:[^a-zA-Z]|\b)beerta(?:[^a-zA-Z]|\b),6,23,0.2608695652173913
(?:[^a-zA-Z]|\b)beesd(?:[^a-zA-Z]|\b),3,5,0.6
(?:[^a-zA-Z]|\b)beesel(?:[^a-zA-Z]|\b),0,1,0.0
(?:[^a-zA-Z]|\b)beets(?:[^a-zA-Z]|\b),1,15,0.06666666666666667
(?:[^a-zA-Z]|\b)nieuw.?be(ij|y)erland(?:[^a-zA-Z]|\b),4,21,0.19047619047619047
(?:[^a-zA-Z]|\b)oud.?be(ij|y)erland(?:[^a-zA-Z]|\b),6,31,0.1935483870967742
(?:[^a-zA-Z]|\b)zuid.?be(ij|y)erland(?:[^a-zA-Z]|\b),1,20,0.05
(?:[^a-zA-Z]|\b)beilen(?:[^a-zA-Z]|\b),2,12,0.16666666666666666
(?:[^a-zA-Z]|\b)belfeld(?:[^a-zA-Z]|\b),0,1,0.0
(?:[^a-zA-Z]|\b)bellingewolde(?:[^a-zA-Z]|\b),0,0,0.0
(?:[^a-zA-Z]|\b)bemelen(?:[^a-zA-Z]|\b),0,0,0.0
(?:[^a-zA-Z]|\b)bemmel(?:[^a-zA-Z]|\b),1,12,0.08333333333333333
(?:[^a-zA-Z]|\b)bennebroek(?:[^a-zA-Z]|\b),0,3,0.0
(?:[^a-zA-Z]|\b)benschop(?:[^a-zA-Z]|\b),3,14,0.21428571428571427
(?:[^a-zA-Z]|\b)benthuizen(?:[^a-zA-Z]|\b),6,24,0.25
(?:[^a-zA-Z]|\b)berchem(?:[^a-zA-Z]|\b),0,6,0.0
(?:[^a-zA-Z]|\b)berg.?en.?terbl(ij|y)t(?:[^a-zA-Z]|\b),0,0,0.0
(?:[^a-zA-Z]|\b)bergambacht(?:[^a-zA-Z]|\b),1,14,0.07142857142857142
(?:[^a-zA-Z]|\b)berge(ij|y)k(?:[^a-zA-Z]|\b),0,0,0.0
(?:[^a-zA-Z]|\b)bergen(?:[^a-zA-Z]|\b),45,350,0.12857142857142856
(?:[^a-zA-Z]|\b)bergen(?:[^a-zA-Z]|\b),45,350,0.12857142857142856
(?:[^a-zA-Z]|\b)berg(.?)en.?op.?zoom(?:[^a-zA-Z]|\b),34,163,0.2085889570552147
(?:[^a-zA-Z]|\b)bergh(?:[^a-zA-Z]|\b),2,60,0.03333333333333333
(?:[^a-zA-Z]|\b)bergharen(?:[^a-zA-Z]|\b),0,2,0.0
(?:[^a-zA-Z]|\b)bergschenhoek(?:[^a-zA-Z]|\b),5,15,0.3333333333333333
(?:[^a-zA-Z]|\b)berkel(?:[^a-zA-Z]|\b),8,51,0.1568627450980392
(?:[^a-zA-Z]|\b)berkel.?en.?rodenr(ij|y)s(?:[^a-zA-Z]|\b),1,8,0.125
(?:[^a-zA-Z]|\b)berkenwoude(?:[^a-zA-Z]|\b),1,10,0.1
(?:[^a-zA-Z]|\b)berkhout(?:[^a-zA-Z]|\b),6,49,0.12244897959183673
(?:[^a-zA-Z]|\b)berlicum(?:[^a-zA-Z]|\b),1,7,0.14285714285714285
(?:[^a-zA-Z]|\b)beso(ij|y)en(?:[^a-zA-Z]|\b),1,17,0.058823529411764705
(?:[^a-zA-Z]|\b)best(?:[^a-zA-Z]|\b),36,251,0.14342629482071714
(?:[^a-zA-Z]|\b)beugen(?:[^a-zA-Z]|\b),2,14,0.14285714285714285
(?:[^a-zA-Z]|\b)beuningen(?:[^a-zA-Z]|\b),0,0,0.0
(?:[^a-zA-Z]|\b)beusichem(?:[^a-zA-Z]|\b),5,10,0.5
(?:[^a-zA-Z]|\b)beverw(ij|y)k(?:[^a-zA-Z]|\b),2,31,0.06451612903225806
(?:[^a-zA-Z]|\b)bierum(?:[^a-zA-Z]|\b),0,0,0.0
(?:[^a-zA-Z]|\b)biervliet(?:[^a-zA-Z]|\b),1,5,0.2
(?:[^a-zA-Z]|\b)biggekerke(?:[^a-zA-Z]|\b),0,2,0.0
(?:[^a-zA-Z]|\b)de.?bilt(?:[^a-zA-Z]|\b),3,10,0.3
(?:[^a-zA-Z]|\b)bingelrade(?:[^a-zA-Z]|\b),0,1,0.0
(?:[^a-zA-Z]|\b)bladel(?:[^a-zA-Z]|\b),0,6,0.0
(?:[^a-zA-Z]|\b)blankenham(?:[^a-zA-Z]|\b),1,1,1.0
(?:[^a-zA-Z]|\b)blaricum(?:[^a-zA-Z]|\b),2,3,0.6666666666666666
(?:[^a-zA-Z]|\b)bleisw(ij|y)k(?:[^a-zA-Z]|\b),3,24,0.125
(?:[^a-zA-Z]|\b)bleskensgraaf.?en.?hofwege(n?)(?:[^a-zA-Z]|\b),0,1,0.0
(?:[^a-zA-Z]|\b)bloemendaal(?:[^a-zA-Z]|\b),2,30,0.06666666666666667
(?:[^a-zA-Z]|\b)blokker(?:[^a-zA-Z]|\b),1,6,0.16666666666666666
(?:[^a-zA-Z]|\b)blokz(ij|y)l(?:[^a-zA-Z]|\b),13,29,0.4482758620689655
(?:[^a-zA-Z]|\b)bocholtz(?:[^a-zA-Z]|\b),0,0,0.0
(?:[^a-zA-Z]|\b)bodegraven(?:[^a-zA-Z]|\b),13,48,0.2708333333333333
(?:[^a-zA-Z]|\b)boekel(?:[^a-zA-Z]|\b),0,0,0.0
(?:[^a-zA-Z]|\b)bokhoven(?:[^a-zA-Z]|\b),1,6,0.16666666666666666
(?:[^a-zA-Z]|\b)bolsward(?:[^a-zA-Z]|\b),1,81,0.012345679012345678
(?:[^a-zA-Z]|\b)den.?bommel(?:[^a-zA-Z]|\b),2,22,0.09090909090909091
(?:[^a-zA-Z]|\b)zalt.?bommel(?:[^a-zA-Z]|\b),20,57,0.3508771929824561
(?:[^a-zA-Z]|\b)borculo(?:[^a-zA-Z]|\b),0,8,0.0
(?:[^a-zA-Z]|\b)borger(?:[^a-zA-Z]|\b),1,17,0.058823529411764705
(?:[^a-zA-Z]|\b)borgharen(?:[^a-zA-Z]|\b),0,1,0.0
(?:[^a-zA-Z]|\b)borkel.?en.?schaft(?:[^a-zA-Z]|\b),0,0,0.0
(?:[^a-zA-Z]|\b)born(?:[^a-zA-Z]|\b),0,0,0.0
(?:[^a-zA-Z]|\b)borne(?:[^a-zA-Z]|\b),3,27,0.1111111111111111
(?:[^a-zA-Z]|\b)borsselen?(?:[^a-zA-Z]|\b),0,1,0.0
(?:[^a-zA-Z]|\b)boschkapelle(?:[^a-zA-Z]|\b),0,0,0.0
(?:[^a-zA-Z]|\b)boskoop(?:[^a-zA-Z]|\b),7,35,0.2
(?:[^a-zA-Z]|\b)bovenkarspel(?:[^a-zA-Z]|\b),0,0,0.0
(?:[^a-zA-Z]|\b)boxmeer(?:[^a-zA-Z]|\b),2,14,0.14285714285714285
(?:[^a-zA-Z]|\b)boxtel(?:[^a-zA-Z]|\b),17,70,0.24285714285714285
(?:[^a-zA-Z]|\b)brakel(?:[^a-zA-Z]|\b),6,20,0.3
(?:[^a-zA-Z]|\b)brandw(ij|y)k(?:[^a-zA-Z]|\b),1,14,0.07142857142857142
(?:[^a-zA-Z]|\b)breda(?:[^a-zA-Z]|\b),85,451,0.188470066518847
(?:[^a-zA-Z]|\b)breskens(?:[^a-zA-Z]|\b),7,30,0.23333333333333334
(?:[^a-zA-Z]|\b)breukelen.?n(ij|y)enrode(?:[^a-zA-Z]|\b),1,15,0.06666666666666667
(?:[^a-zA-Z]|\b)breukelen.?(st.?|sint).?pieters(?:[^a-zA-Z]|\b),3,10,0.3
(?:[^a-zA-Z]|\b)brielle(?:[^a-zA-Z]|\b),8,189,0.042328042328042326
(?:[^a-zA-Z]|\b)broek(?:[^a-zA-Z]|\b),21,147,0.14285714285714285
(?:[^a-zA-Z]|\b)broek.?in.?waterland(?:[^a-zA-Z]|\b),1,15,0.06666666666666667
(?:[^a-zA-Z]|\b)broek.?op.?langend(ij|y)k(?:[^a-zA-Z]|\b),0,0,0.0
(?:[^a-zA-Z]|\b)broekhu(ij|y|i)(s|z)en(?:[^a-zA-Z]|\b),4,23,0.17391304347826086
(?:[^a-zA-Z]|\b)broeksittard(?:[^a-zA-Z]|\b),0,0,0.0
(?:[^a-zA-Z]|\b)brouwershaven(?:[^a-zA-Z]|\b),12,127,0.09448818897637795
(?:[^a-zA-Z]|\b)bruinisse(?:[^a-zA-Z]|\b),5,10,0.5
(?:[^a-zA-Z]|\b)brummen(?:[^a-zA-Z]|\b),3,19,0.15789473684210525
(?:[^a-zA-Z]|\b)brunssum(?:[^a-zA-Z]|\b),0,0,0.0
(?:[^a-zA-Z]|\b)budel(?:[^a-zA-Z]|\b),0,0,0.0
(?:[^a-zA-Z]|\b)buggenum(?:[^a-zA-Z]|\b),0,2,0.0
(?:[^a-zA-Z]|\b)buiksloot(?:[^a-zA-Z]|\b),1,22,0.045454545454545456
(?:[^a-zA-Z]|\b)bunde(?:[^a-zA-Z]|\b),0,9,0.0
(?:[^a-zA-Z]|\b)bunnik(?:[^a-zA-Z]|\b),2,10,0.2
(?:[^a-zA-Z]|\b)bunschoten(?:[^a-zA-Z]|\b),4,12,0.3333333333333333
(?:[^a-zA-Z]|\b)buren(?:[^a-zA-Z]|\b),14,79,0.17721518987341772
(?:[^a-zA-Z]|\b)burgh(?:[^a-zA-Z]|\b),0,18,0.0
(?:[^a-zA-Z]|\b)bussum(?:[^a-zA-Z]|\b),2,2,1.0
(?:[^a-zA-Z]|\b)buurmalsen(?:[^a-zA-Z]|\b),1,3,0.3333333333333333
(?:[^a-zA-Z]|\b)cadier.?en.?keer(?:[^a-zA-Z]|\b),0,0,0.0
(?:[^a-zA-Z]|\b)cadzand(?:[^a-zA-Z]|\b),0,1,0.0
(?:[^a-zA-Z]|\b)callantsoog(?:[^a-zA-Z]|\b),0,7,0.0
(?:[^a-zA-Z]|\b)capelle.?(a.?d.?|aan.?den?).?(ij|y)ssel(?:[^a-zA-Z]|\b),2,18,0.1111111111111111
(?:[^a-zA-Z]|\b)cappelle(?:[^a-zA-Z]|\b),10,13,0.7692307692307693
(?:[^a-zA-Z]|\b)castricum(?:[^a-zA-Z]|\b),0,5,0.0
(?:[^a-zA-Z]|\b)chaam(?:[^a-zA-Z]|\b),1,8,0.125
(?:[^a-zA-Z]|\b)charlois(?:[^a-zA-Z]|\b),4,38,0.10526315789473684
(?:[^a-zA-Z]|\b)clinge(?:[^a-zA-Z]|\b),0,3,0.0
(?:[^a-zA-Z]|\b)coevorden(?:[^a-zA-Z]|\b),6,37,0.16216216216216217
(?:[^a-zA-Z]|\b)col(ij|y)nsplaat(?:[^a-zA-Z]|\b),0,2,0.0
(?:[^a-zA-Z]|\b)cothen(?:[^a-zA-Z]|\b),0,8,0.0
(?:[^a-zA-Z]|\b)cromvoirt(?:[^a-zA-Z]|\b),0,2,0.0
(?:[^a-zA-Z]|\b)cu(ij|y)k(?:[^a-zA-Z]|\b),3,17,0.17647058823529413
(?:[^a-zA-Z]|\b)cule(n|m)b(o|u)rg|kuilenb(u|o)rg(?:[^a-zA-Z]|\b),15,76,0.19736842105263158
(?:[^a-zA-Z]|\b)dalen(?:[^a-zA-Z]|\b),4,81,0.04938271604938271
(?:[^a-zA-Z]|\b)dalfsen(?:[^a-zA-Z]|\b),14,53,0.2641509433962264
(?:[^a-zA-Z]|\b)dantumadeel(?:[^a-zA-Z]|\b),1,2,0.5
(?:[^a-zA-Z]|\b)de.?werke(n|n.?e?n?.? sleeuwijk)(?:[^a-zA-Z]|\b),13,71,0.18309859154929578
(?:[^a-zA-Z]|\b)deil(?:[^a-zA-Z]|\b),2,13,0.15384615384615385
(?:[^a-zA-Z]|\b)delden(?:[^a-zA-Z]|\b),13,81,0.16049382716049382
(?:[^a-zA-Z]|\b)delden(?:[^a-zA-Z]|\b),13,81,0.16049382716049382
(?:[^a-zA-Z]|\b)delf(t?)shaven(?:[^a-zA-Z]|\b),10,80,0.125
(?:[^a-zA-Z]|\b)delft(?:[^a-zA-Z]|\b),276,712,0.38764044943820225
(?:[^a-zA-Z]|\b)delfz(ij|y)l(?:[^a-zA-Z]|\b),14,102,0.13725490196078433
(?:[^a-zA-Z]|\b)denekamp(?:[^a-zA-Z]|\b),4,10,0.4
(?:[^a-zA-Z]|\b)deurne(?:[^a-zA-Z]|\b),2,14,0.14285714285714285
(?:[^a-zA-Z]|\b)deursen|dennenburg(?:[^a-zA-Z]|\b),1,16,0.0625
(?:[^a-zA-Z]|\b)devent(er|\.)(?:[^a-zA-Z]|\b),74,323,0.22910216718266255
(?:[^a-zA-Z]|\b)didam(?:[^a-zA-Z]|\b),0,4,0.0
(?:[^a-zA-Z]|\b)diede(n|n.?.?demen.?e?n?.?langel)(?:[^a-zA-Z]|\b),0,5,0.0
(?:[^a-zA-Z]|\b)diemen(?:[^a-zA-Z]|\b),0,15,0.0
(?:[^a-zA-Z]|\b)diepenheim(?:[^a-zA-Z]|\b),3,15,0.2
(?:[^a-zA-Z]|\b)diepenveen(?:[^a-zA-Z]|\b),2,4,0.5
(?:[^a-zA-Z]|\b)diessen(?:[^a-zA-Z]|\b),0,0,0.0
(?:[^a-zA-Z]|\b)diever(?:[^a-zA-Z]|\b),2,5,0.4
(?:[^a-zA-Z]|\b)dinteloord|prinsenland(?:[^a-zA-Z]|\b),1,6,0.16666666666666666
(?:[^a-zA-Z]|\b)dinther(?:[^a-zA-Z]|\b),0,3,0.0
(?:[^a-zA-Z]|\b)dinxperlo(?:[^a-zA-Z]|\b),0,3,0.0
(?:[^a-zA-Z]|\b)dirksland(?:[^a-zA-Z]|\b),3,22,0.13636363636363635
(?:[^a-zA-Z]|\b)dodewaard(?:[^a-zA-Z]|\b),0,4,0.0
(?:[^a-zA-Z]|\b)doesburg(?:[^a-zA-Z]|\b),9,29,0.3103448275862069
(?:[^a-zA-Z]|\b)doetin?chem(?:[^a-zA-Z]|\b),4,22,0.18181818181818182
(?:[^a-zA-Z]|\b)doetin?chem(?:[^a-zA-Z]|\b),4,22,0.18181818181818182
(?:[^a-zA-Z]|\b)dokkum(?:[^a-zA-Z]|\b),11,44,0.25
(?:[^a-zA-Z]|\b)domburg(?:[^a-zA-Z]|\b),6,23,0.2608695652173913
(?:[^a-zA-Z]|\b)dommelen(?:[^a-zA-Z]|\b),0,2,0.0
(?:[^a-zA-Z]|\b)dongen(?:[^a-zA-Z]|\b),0,20,0.0
(?:[^a-zA-Z]|\b)doniawerstal(?:[^a-zA-Z]|\b),1,9,0.1111111111111111
(?:[^a-zA-Z]|\b)doorn(?:[^a-zA-Z]|\b),9,108,0.08333333333333333
(?:[^a-zA-Z]|\b)doornsp(ij|y)k(?:[^a-zA-Z]|\b),0,4,0.0
(?:[^a-zA-Z]|\b)doorwerth(?:[^a-zA-Z]|\b),0,1,0.0
(?:[^a-zA-Z]|\b)dordrecht|dodrech\.(?:[^a-zA-Z]|\b),285,799,0.3566958698372966
(?:[^a-zA-Z]|\b)dreischor(?:[^a-zA-Z]|\b),0,1,0.0
(?:[^a-zA-Z]|\b)dreumel(?:[^a-zA-Z]|\b),0,0,0.0
(?:[^a-zA-Z]|\b)driebergen(?:[^a-zA-Z]|\b),5,31,0.16129032258064516
(?:[^a-zA-Z]|\b)driel(?:[^a-zA-Z]|\b),7,30,0.23333333333333334
(?:[^a-zA-Z]|\b)driewegen(?:[^a-zA-Z]|\b),0,1,0.0
(?:[^a-zA-Z]|\b)drongele(n|n.?.?hangoord.?.?gansoyen.?.?e?n?doevere)(?:[^a-zA-Z]|\b),0,6,0.0
(?:[^a-zA-Z]|\b)drunen(?:[^a-zA-Z]|\b),2,11,0.18181818181818182
(?:[^a-zA-Z]|\b)druten(?:[^a-zA-Z]|\b),0,11,0.0
(?:[^a-zA-Z]|\b)dubbeldam(?:[^a-zA-Z]|\b),8,33,0.24242424242424243
(?:[^a-zA-Z]|\b)duiven(?:[^a-zA-Z]|\b),2,19,0.10526315789473684
(?:[^a-zA-Z]|\b)duivend(ij|y)ke(?:[^a-zA-Z]|\b),0,2,0.0
(?:[^a-zA-Z]|\b)duizel|steensel(?:[^a-zA-Z]|\b),6,28,0.21428571428571427
(?:[^a-zA-Z]|\b)den.?dungen(?:[^a-zA-Z]|\b),2,14,0.14285714285714285
(?:[^a-zA-Z]|\b)dussen(?:[^a-zA-Z]|\b),6,28,0.21428571428571427
(?:[^a-zA-Z]|\b)dwingeloo?(?:[^a-zA-Z]|\b),1,14,0.07142857142857142
(?:[^a-zA-Z]|\b)echt(?:[^a-zA-Z]|\b),6,185,0.032432432432432434
(?:[^a-zA-Z]|\b)echteld(?:[^a-zA-Z]|\b),0,0,0.0
(?:[^a-zA-Z]|\b)edam(?:[^a-zA-Z]|\b),5,42,0.11904761904761904
(?:[^a-zA-Z]|\b)ede(?:[^a-zA-Z]|\b),9,80,0.1125
(?:[^a-zA-Z]|\b)eede(?:[^a-zA-Z]|\b),4,22,0.18181818181818182
(?:[^a-zA-Z]|\b)eelde(?:[^a-zA-Z]|\b),3,11,0.2727272727272727
(?:[^a-zA-Z]|\b)eemnes(?:[^a-zA-Z]|\b),4,18,0.2222222222222222
(?:[^a-zA-Z]|\b)eenrum(?:[^a-zA-Z]|\b),1,3,0.3333333333333333
(?:[^a-zA-Z]|\b)eersel(?:[^a-zA-Z]|\b),0,0,0.0
(?:[^a-zA-Z]|\b)egmond.?aan.?zee(?:[^a-zA-Z]|\b),0,1,0.0
(?:[^a-zA-Z]|\b)egmond.?binnen(?:[^a-zA-Z]|\b),0,2,0.0
(?:[^a-zA-Z]|\b)eibergen(?:[^a-zA-Z]|\b),4,33,0.12121212121212122
(?:[^a-zA-Z]|\b)e(ij|y)gelshoven(?:[^a-zA-Z]|\b),0,1,0.0
(?:[^a-zA-Z]|\b)e(ij|y)sden(?:[^a-zA-Z]|\b),2,4,0.5
(?:[^a-zA-Z]|\b)eindhoven(?:[^a-zA-Z]|\b),31,169,0.1834319526627219
(?:[^a-zA-Z]|\b)elburg(?:[^a-zA-Z]|\b),0,16,0.0
(?:[^a-zA-Z]|\b)elkerzee(?:[^a-zA-Z]|\b),0,0,0.0
(?:[^a-zA-Z]|\b)ellemeet(?:[^a-zA-Z]|\b),2,18,0.1111111111111111
(?:[^a-zA-Z]|\b)ellewoutsd(ij|y)k(?:[^a-zA-Z]|\b),0,1,0.0
(?:[^a-zA-Z]|\b)elsloo(?:[^a-zA-Z]|\b),0,11,0.0
(?:[^a-zA-Z]|\b)elst(?:[^a-zA-Z]|\b),3,22,0.13636363636363635
(?:[^a-zA-Z]|\b)emmen(?:[^a-zA-Z]|\b),1,19,0.05263157894736842
(?:[^a-zA-Z]|\b)emmikhoven(?:[^a-zA-Z]|\b),3,6,0.5
(?:[^a-zA-Z]|\b)empel|meerwijk(?:[^a-zA-Z]|\b),2,15,0.13333333333333333
(?:[^a-zA-Z]|\b)engelen(?:[^a-zA-Z]|\b),0,21,0.0
(?:[^a-zA-Z]|\b)enkhui(z|s)en(?:[^a-zA-Z]|\b),8,53,0.1509433962264151
(?:[^a-zA-Z]|\b)ensch(ede|\.)(?:[^a-zA-Z]|\b),10,88,0.11363636363636363
(?:[^a-zA-Z]|\b)epe(?:[^a-zA-Z]|\b),2,15,0.13333333333333333
(?:[^a-zA-Z]|\b)ermelo(?:[^a-zA-Z]|\b),1,7,0.14285714285714285
(?:[^a-zA-Z]|\b)erp(?:[^a-zA-Z]|\b),0,16,0.0
(?:[^a-zA-Z]|\b)esch(?:[^a-zA-Z]|\b),4,14,0.2857142857142857
(?:[^a-zA-Z]|\b)escharen(?:[^a-zA-Z]|\b),0,1,0.0
(?:[^a-zA-Z]|\b)est.?en.?op(ij|y)nen(?:[^a-zA-Z]|\b),0,0,0.0
(?:[^a-zA-Z]|\b)etten.?en.?leur(?:[^a-zA-Z]|\b),3,11,0.2727272727272727
(?:[^a-zA-Z]|\b)everdingen(?:[^a-zA-Z]|\b),3,16,0.1875
(?:[^a-zA-Z]|\b)ew(ij|y)k(?:[^a-zA-Z]|\b),3,14,0.21428571428571427
(?:[^a-zA-Z]|\b)ezinge(?:[^a-zA-Z]|\b),1,3,0.3333333333333333
(?:[^a-zA-Z]|\b)ferwerderadeel(?:[^a-zA-Z]|\b),0,2,0.0
(?:[^a-zA-Z]|\b)f(ij|y)naart|he(ij|y)ningen(?:[^a-zA-Z]|\b),9,22,0.4090909090909091
(?:[^a-zA-Z]|\b)finsterwolde?(?:[^a-zA-Z]|\b),0,0,0.0
(?:[^a-zA-Z]|\b)forth.?bath(?:[^a-zA-Z]|\b),0,0,0.0
(?:[^a-zA-Z]|\b)franeker(?:[^a-zA-Z]|\b),6,68,0.08823529411764706
(?:[^a-zA-Z]|\b)franekeradeel(?:[^a-zA-Z]|\b)|(?:[^a-zA-Z]|\b)frjentsjerteradiel(?:[^a-zA-Z]|\b),1,8,0.125
(?:[^a-zA-Z]|\b)gaasterland(?:[^a-zA-Z]|\b),0,7,0.0
(?:[^a-zA-Z]|\b)gameren(?:[^a-zA-Z]|\b),1,9,0.1111111111111111
(?:[^a-zA-Z]|\b)gassel(?:[^a-zA-Z]|\b),0,1,0.0
(?:[^a-zA-Z]|\b)gasselte(?:[^a-zA-Z]|\b),2,12,0.16666666666666666
(?:[^a-zA-Z]|\b)geertruidenberg(?:[^a-zA-Z]|\b),7,21,0.3333333333333333
(?:[^a-zA-Z]|\b)geervliet(?:[^a-zA-Z]|\b),2,22,0.09090909090909091
(?:[^a-zA-Z]|\b)geffen(?:[^a-zA-Z]|\b),0,8,0.0
(?:[^a-zA-Z]|\b)geldermalsen(?:[^a-zA-Z]|\b),5,19,0.2631578947368421
(?:[^a-zA-Z]|\b)gel(dorp|drop)(?:[^a-zA-Z]|\b),0,5,0.0
(?:[^a-zA-Z]|\b)geleen(?:[^a-zA-Z]|\b),0,0,0.0
(?:[^a-zA-Z]|\b)gemert(?:[^a-zA-Z]|\b),8,28,0.2857142857142857
(?:[^a-zA-Z]|\b)gendringen(?:[^a-zA-Z]|\b),4,6,0.6666666666666666
(?:[^a-zA-Z]|\b)genemuiden(?:[^a-zA-Z]|\b),7,23,0.30434782608695654
(?:[^a-zA-Z]|\b)gennep(?:[^a-zA-Z]|\b),9,56,0.16071428571428573
(?:[^a-zA-Z]|\b)gend?t(?:[^a-zA-Z]|\b),9,85,0.10588235294117647
(?:[^a-zA-Z]|\b)gestel(?:[^a-zA-Z]|\b)|(?:[^a-zA-Z]|\b)blaarthem(?:[^a-zA-Z]|\b),13,98,0.1326530612244898
(?:[^a-zA-Z]|\b)geu(l|lle)(?:[^a-zA-Z]|\b),1,6,0.16666666666666666
(?:[^a-zA-Z]|\b)giessen(?:[^a-zA-Z]|\b),9,43,0.20930232558139536
(?:[^a-zA-Z]|\b)giessen.?nieuwkerk(?:[^a-zA-Z]|\b),0,1,0.0
(?:[^a-zA-Z]|\b)giessendam(?:[^a-zA-Z]|\b),4,25,0.16
(?:[^a-zA-Z]|\b)gieten(?:[^a-zA-Z]|\b),7,16,0.4375
(?:[^a-zA-Z]|\b)giethoorn(?:[^a-zA-Z]|\b),7,16,0.4375
(?:[^a-zA-Z]|\b)gilze.?en.?r(ij|y)en(?:[^a-zA-Z]|\b),0,3,0.0
(?:[^a-zA-Z]|\b)ginneken(?:[^a-zA-Z]|\b)|(?:[^a-zA-Z]|\b)bavel(?:[^a-zA-Z]|\b),9,36,0.25
(?:[^a-zA-Z]|\b)goedereede(?:[^a-zA-Z]|\b),0,21,0.0
(?:[^a-zA-Z]|\b)g(h?)oes(ch?)(?:[^a-zA-Z]|\b),0,0,0.0
(?:[^a-zA-Z]|\b)goirle(?:[^a-zA-Z]|\b),0,5,0.0
(?:[^a-zA-Z]|\b)goor(?:[^a-zA-Z]|\b),8,55,0.14545454545454545
(?:[^a-zA-Z]|\b)gorinchem(?:[^a-zA-Z]|\b),68,194,0.35051546391752575
(?:[^a-zA-Z]|\b)gorssel(?:[^a-zA-Z]|\b),0,2,0.0
(?:[^a-zA-Z]|\b)gouda(?:[^a-zA-Z]|\b),256,473,0.5412262156448203
(?:[^a-zA-Z]|\b)gouderak(?:[^a-zA-Z]|\b),3,17,0.17647058823529413
(?:[^a-zA-Z]|\b)goudriaan(?:[^a-zA-Z]|\b),2,28,0.07142857142857142
(?:[^a-zA-Z]|\b)goudswaard(?:[^a-zA-Z]|\b),1,32,0.03125
(?:[^a-zA-Z]|\b)graauw(?:[^a-zA-Z]|\b)|(?:[^a-zA-Z]|\b)langendam(?:[^a-zA-Z]|\b),1,19,0.05263157894736842
(?:[^a-zA-Z]|\b)grafhorst(?:[^a-zA-Z]|\b),3,6,0.5
(?:[^a-zA-Z]|\b)graft(?:[^a-zA-Z]|\b),2,17,0.11764705882352941
(?:[^a-zA-Z]|\b)gramsbergen(?:[^a-zA-Z]|\b),2,2,1.0
(?:[^a-zA-Z]|\b)grathem(?:[^a-zA-Z]|\b),0,1,0.0
(?:[^a-zA-Z]|\b)grave(?:[^a-zA-Z]|\b),8,65,0.12307692307692308
(?:[^a-zA-Z]|\b)grevenbicht(?:[^a-zA-Z]|\b),0,0,0.0
(?:[^a-zA-Z]|\b)gr(ij|y)pskerk(?:[^a-zA-Z]|\b),3,12,0.25
(?:[^a-zA-Z]|\b)gr(ij|y)pskerke(?:[^a-zA-Z]|\b),0,3,0.0
(?:[^a-zA-Z]|\b)groede(?:[^a-zA-Z]|\b),0,1,0.0
(?:[^a-zA-Z]|\b)groenlo(?:[^a-zA-Z]|\b),2,25,0.08
(?:[^a-zA-Z]|\b)groesbeek(?:[^a-zA-Z]|\b),1,2,0.5
(?:[^a-zA-Z]|\b)gr(ö|o)ning(s|en|\.)(?:[^a-zA-Z]|\b),266,768,0.3463541666666667
(?:[^a-zA-Z]|\b)grons(f|v)eld(?:[^a-zA-Z]|\b),0,1,0.0
(?:[^a-zA-Z]|\b)groot.?ammers(?:[^a-zA-Z]|\b),0,7,0.0
(?:[^a-zA-Z]|\b)grootebroek(?:[^a-zA-Z]|\b),4,15,0.26666666666666666
(?:[^a-zA-Z]|\b)grootegast(?:[^a-zA-Z]|\b),1,5,0.2
(?:[^a-zA-Z]|\b)grubbenvorst(?:[^a-zA-Z]|\b),0,1,0.0
(?:[^a-zA-Z]|\b)gulpen(?:[^a-zA-Z]|\b),3,3,1.0
(?:[^a-zA-Z]|\b)haaften(?:[^a-zA-Z]|\b),21,63,0.3333333333333333
(?:[^a-zA-Z]|\b)haaksbergen(?:[^a-zA-Z]|\b),1,10,0.1
(?:[^a-zA-Z]|\b)haamstede(?:[^a-zA-Z]|\b),0,0,0.0
(?:[^a-zA-Z]|\b)haaren(?:[^a-zA-Z]|\b),0,11,0.0
(?:[^a-zA-Z]|\b)ha.?rlem|haarl(am|\.)(?:[^a-zA-Z]|\b),235,813,0.2890528905289053
(?:[^a-zA-Z]|\b)haarlemmerliede.?en.?spaarnwoude(?:[^a-zA-Z]|\b),1,12,0.08333333333333333
(?:[^a-zA-Z]|\b)haarlemmermeer(?:[^a-zA-Z]|\b),20,76,0.2631578947368421
(?:[^a-zA-Z]|\b)haarzuilens(?:[^a-zA-Z]|\b),1,19,0.05263157894736842
(?:[^a-zA-Z]|\b)haastrecht(?:[^a-zA-Z]|\b),8,33,0.24242424242424243
(?:[^a-zA-Z]|\b)haelen(?:[^a-zA-Z]|\b),0,1,0.0
(?:[^a-zA-Z]|\b)hagestein(?:[^a-zA-Z]|\b),1,12,0.08333333333333333
(?:[^a-zA-Z]|\b)halsteren(?:[^a-zA-Z]|\b),6,7,0.8571428571428571
(?:[^a-zA-Z]|\b)den.?ham(?:[^a-zA-Z]|\b),9,33,0.2727272727272727
(?:[^a-zA-Z]|\b)haps(?:[^a-zA-Z]|\b),4,10,0.4
(?:[^a-zA-Z]|\b)hardenberg(?:[^a-zA-Z]|\b),15,35,0.42857142857142855
(?:[^a-zA-Z]|\b)hardenberg(?:[^a-zA-Z]|\b),15,35,0.42857142857142855
(?:[^a-zA-Z]|\b)harderw(ij|y)k(?:[^a-zA-Z]|\b),19,74,0.25675675675675674
(?:[^a-zA-Z]|\b)hardinxveld(?:[^a-zA-Z]|\b),5,32,0.15625
(?:[^a-zA-Z]|\b)haren(?:[^a-zA-Z]|\b),63,519,0.12138728323699421
(?:[^a-zA-Z]|\b)harenkarspel(?:[^a-zA-Z]|\b),0,1,0.0
(?:[^a-zA-Z]|\b)harlingen(?:[^a-zA-Z]|\b),51,301,0.16943521594684385
(?:[^a-zA-Z]|\b)harmelen(?:[^a-zA-Z]|\b),1,7,0.14285714285714285
(?:[^a-zA-Z]|\b)haskerland(?:[^a-zA-Z]|\b),4,12,0.3333333333333333
(?:[^a-zA-Z]|\b)hasselt(?:[^a-zA-Z]|\b),35,131,0.26717557251908397
(?:[^a-zA-Z]|\b)hattem(?:[^a-zA-Z]|\b),3,27,0.1111111111111111
(?:[^a-zA-Z]|\b)havelte(?:[^a-zA-Z]|\b),0,2,0.0
(?:[^a-zA-Z]|\b)hazerswoude(?:[^a-zA-Z]|\b),8,39,0.20512820512820512
(?:[^a-zA-Z]|\b)hedel(?:[^a-zA-Z]|\b),2,7,0.2857142857142857
(?:[^a-zA-Z]|\b)hedikhuizen(?:[^a-zA-Z]|\b),0,1,0.0
(?:[^a-zA-Z]|\b)heel.?en.?panheel(?:[^a-zA-Z]|\b),0,1,0.0
(?:[^a-zA-Z]|\b)heemskerk(?:[^a-zA-Z]|\b),18,97,0.18556701030927836
(?:[^a-zA-Z]|\b)heemstede(?:[^a-zA-Z]|\b),2,36,0.05555555555555555
(?:[^a-zA-Z]|\b)heenvliet(?:[^a-zA-Z]|\b),0,13,0.0
(?:[^a-zA-Z]|\b)heer(?:[^a-zA-Z]|\b),415,3509,0.11826731262467939
(?:[^a-zA-Z]|\b)heerde(?:[^a-zA-Z]|\b),1,19,0.05263157894736842
(?:[^a-zA-Z]|\b)heerewaarden(?:[^a-zA-Z]|\b),0,0,0.0
(?:[^a-zA-Z]|\b)heerhugowaard(?:[^a-zA-Z]|\b),0,7,0.0
(?:[^a-zA-Z]|\b)heerjansdam(?:[^a-zA-Z]|\b),3,16,0.1875
(?:[^a-zA-Z]|\b)heerlen(?:[^a-zA-Z]|\b),0,1,0.0
(?:[^a-zA-Z]|\b)heesbeen(?:[^a-zA-Z]|\b)|(?:[^a-zA-Z]|\b)eethen(?:[^a-zA-Z]|\b)|(?:[^a-zA-Z]|\b)genderen(?:[^a-zA-Z]|\b),0,12,0.0
(?:[^a-zA-Z]|\b)heesch(?:[^a-zA-Z]|\b),2,18,0.1111111111111111
(?:[^a-zA-Z]|\b)heesw(ij|y)k(?:[^a-zA-Z]|\b),0,5,0.0
(?:[^a-zA-Z]|\b)heeze(?:[^a-zA-Z]|\b),0,0,0.0
(?:[^a-zA-Z]|\b)hei.?.?en.?boeicop(?:[^a-zA-Z]|\b),0,0,0.0
(?:[^a-zA-Z]|\b)he(ij|y)thu(ij|y)(s|z)en(?:[^a-zA-Z]|\b),0,0,0.0
(?:[^a-zA-Z]|\b)heille(?:[^a-zA-Z]|\b),0,0,0.0
(?:[^a-zA-Z]|\b)heiloo?(?:[^a-zA-Z]|\b),2,7,0.2857142857142857
(?:[^a-zA-Z]|\b)heinenoord(?:[^a-zA-Z]|\b),1,20,0.05
(?:[^a-zA-Z]|\b)heinkenszand(?:[^a-zA-Z]|\b),1,14,0.07142857142857142
(?:[^a-zA-Z]|\b)heino(?:[^a-zA-Z]|\b),1,5,0.2
(?:[^a-zA-Z]|\b)hekelingen(?:[^a-zA-Z]|\b),2,10,0.2
(?:[^a-zA-Z]|\b)hekendorp(?:[^a-zA-Z]|\b),2,18,0.1111111111111111
(?:[^a-zA-Z]|\b)helden(?:[^a-zA-Z]|\b),1,43,0.023255813953488372
(?:[^a-zA-Z]|\b)helder(?:[^a-zA-Z]|\b),28,221,0.12669683257918551
(?:[^a-zA-Z]|\b)hellendoorn(?:[^a-zA-Z]|\b),7,12,0.5833333333333334
(?:[^a-zA-Z]|\b)hellevoetsluis(?:[^a-zA-Z]|\b),21,173,0.12138728323699421
(?:[^a-zA-Z]|\b)helmond(?:[^a-zA-Z]|\b),18,68,0.2647058823529412
(?:[^a-zA-Z]|\b)nieuw.?helvoet(?:[^a-zA-Z]|\b),0,14,0.0
(?:[^a-zA-Z]|\b)helvoirt(?:[^a-zA-Z]|\b),0,8,0.0
(?:[^a-zA-Z]|\b)hemelumer.?oldephaert.?en.?noordwolde(?:[^a-zA-Z]|\b),3,4,0.75
(?:[^a-zA-Z]|\b)hemmen(?:[^a-zA-Z]|\b),4,5,0.8
(?:[^a-zA-Z]|\b)hendrik.?ido.?ambacht(?:[^a-zA-Z]|\b),2,10,0.2
(?:[^a-zA-Z]|\b)hengeloo?(?:[^a-zA-Z]|\b),18,70,0.2571428571428571
(?:[^a-zA-Z]|\b)hengeloo?(?:[^a-zA-Z]|\b),18,70,0.2571428571428571
(?:[^a-zA-Z]|\b)hengstd(ij|y)k(?:[^a-zA-Z]|\b),0,0,0.0
(?:[^a-zA-Z]|\b)hennaarderadeel(?:[^a-zA-Z]|\b),0,2,0.0
(?:[^a-zA-Z]|\b)hensbroek(?:[^a-zA-Z]|\b),0,7,0.0
(?:[^a-zA-Z]|\b)herkenbosch.?en.?melick(?:[^a-zA-Z]|\b)|(?:[^a-zA-Z]|\b)melick.?en.?herkenbosch(?:[^a-zA-Z]|\b),0,0,0.0
(?:[^a-zA-Z]|\b)herkingen(?:[^a-zA-Z]|\b),4,13,0.3076923076923077
(?:[^a-zA-Z]|\b)herpen(?:[^a-zA-Z]|\b),0,7,0.0
(?:[^a-zA-Z]|\b)herpt(?:[^a-zA-Z]|\b),3,6,0.5
(?:[^a-zA-Z]|\b)herten(?:[^a-zA-Z]|\b),3,7,0.42857142857142855
(?:[^a-zA-Z]|\b)herwen.?en.?aerdt(?:[^a-zA-Z]|\b),0,1,0.0
(?:[^a-zA-Z]|\b)herw(ij|y)nen(?:[^a-zA-Z]|\b),3,17,0.17647058823529413
(?:[^a-zA-Z]|\b)heteren(?:[^a-zA-Z]|\b),7,36,0.19444444444444445
(?:[^a-zA-Z]|\b)heukelum(?:[^a-zA-Z]|\b),0,3,0.0
(?:[^a-zA-Z]|\b)heumen(?:[^a-zA-Z]|\b),0,11,0.0
(?:[^a-zA-Z]|\b)heusden(?:[^a-zA-Z]|\b),10,47,0.2127659574468085
(?:[^a-zA-Z]|\b)hillegersberg(?:[^a-zA-Z]|\b),2,25,0.08
(?:[^a-zA-Z]|\b)hillegom(?:[^a-zA-Z]|\b),9,48,0.1875
(?:[^a-zA-Z]|\b)hilvarenbeek(?:[^a-zA-Z]|\b),0,10,0.0
(?:[^a-zA-Z]|\b)hilversum(?:[^a-zA-Z]|\b),11,62,0.1774193548387097
(?:[^a-zA-Z]|\b)hindeloopen(?:[^a-zA-Z]|\b),3,17,0.17647058823529413
(?:[^a-zA-Z]|\b)hoedekenskerke(?:[^a-zA-Z]|\b),3,8,0.375
(?:[^a-zA-Z]|\b)hoek(?:[^a-zA-Z]|\b),32,359,0.08913649025069638
(?:[^a-zA-Z]|\b)hoenkoop(?:[^a-zA-Z]|\b),1,6,0.16666666666666666
(?:[^a-zA-Z]|\b)hoensbroek(?:[^a-zA-Z]|\b),1,4,0.25
(?:[^a-zA-Z]|\b)hoevelaken(?:[^a-zA-Z]|\b),2,5,0.4
(?:[^a-zA-Z]|\b)hoeven(?:[^a-zA-Z]|\b),14,112,0.125
(?:[^a-zA-Z]|\b)hof.?van.?delft(?:[^a-zA-Z]|\b),3,19,0.15789473684210525
(?:[^a-zA-Z]|\b)holten(?:[^a-zA-Z]|\b),1,13,0.07692307692307693
(?:[^a-zA-Z]|\b)hontenisse(?:[^a-zA-Z]|\b),0,1,0.0
(?:[^a-zA-Z]|\b)hoofdplaat(?:[^a-zA-Z]|\b),0,6,0.0
(?:[^a-zA-Z]|\b)hoog.?blokland(?:[^a-zA-Z]|\b),3,10,0.3
(?:[^a-zA-Z]|\b)hoogeloo(n|n.?.?hapert.?e?n?.?casteren)(?:[^a-zA-Z]|\b),0,2,0.0
(?:[^a-zA-Z]|\b)hooge.?mierde|hooge.?en.?lage.?mierde(?:[^a-zA-Z]|\b),0,0,0.0
(?:[^a-zA-Z]|\b)hoogeveen(?:[^a-zA-Z]|\b),17,109,0.1559633027522936
(?:[^a-zA-Z]|\b)hoogezand(?:[^a-zA-Z]|\b),2,16,0.125
(?:[^a-zA-Z]|\b)hoogkarspel(?:[^a-zA-Z]|\b),0,2,0.0
(?:[^a-zA-Z]|\b)hoogkerk(?:[^a-zA-Z]|\b),2,8,0.25
(?:[^a-zA-Z]|\b)hoogland(?:[^a-zA-Z]|\b),5,55,0.09090909090909091
(?:[^a-zA-Z]|\b)hoogvliet(?:[^a-zA-Z]|\b),2,25,0.08
(?:[^a-zA-Z]|\b)hoogwoud(?:[^a-zA-Z]|\b),2,8,0.25
(?:[^a-zA-Z]|\b)hoorn(?:[^a-zA-Z]|\b),33,200,0.165
(?:[^a-zA-Z]|\b)hoornaar(?:[^a-zA-Z]|\b),1,1,1.0
(?:[^a-zA-Z]|\b)horn(?:[^a-zA-Z]|\b),1,14,0.07142857142857142
(?:[^a-zA-Z]|\b)horssen(?:[^a-zA-Z]|\b),0,0,0.0
(?:[^a-zA-Z]|\b)horst(?:[^a-zA-Z]|\b),3,70,0.04285714285714286
(?:[^a-zA-Z]|\b)houten(?:[^a-zA-Z]|\b),18,147,0.12244897959183673
(?:[^a-zA-Z]|\b)houthem(?:[^a-zA-Z]|\b),0,0,0.0
(?:[^a-zA-Z]|\b)huij?bergen(?:[^a-zA-Z]|\b),0,3,0.0
(?:[^a-zA-Z]|\b)huisselin(g|g.?e?n?neerloon)(?:[^a-zA-Z]|\b),0,0,0.0
(?:[^a-zA-Z]|\b)huissen(?:[^a-zA-Z]|\b),1,10,0.1
(?:[^a-zA-Z]|\b)huizen(?:[^a-zA-Z]|\b),48,308,0.15584415584415584
(?:[^a-zA-Z]|\b)hulsberg(?:[^a-zA-Z]|\b),0,0,0.0
(?:[^a-zA-Z]|\b)hulst(?:[^a-zA-Z]|\b),6,59,0.1016949152542373
(?:[^a-zA-Z]|\b)hummelo.?en.?keppel(?:[^a-zA-Z]|\b),1,1,1.0
(?:[^a-zA-Z]|\b)hunsel(?:[^a-zA-Z]|\b),0,1,0.0
(?:[^a-zA-Z]|\b)hurwenen(?:[^a-zA-Z]|\b),2,6,0.3333333333333333
(?:[^a-zA-Z]|\b)idaarderadeel(?:[^a-zA-Z]|\b),2,11,0.18181818181818182
(?:[^a-zA-Z]|\b)(ij|y)erseke(?:[^a-zA-Z]|\b),0,3,0.0
(?:[^a-zA-Z]|\b)(ij|y)lst(?:[^a-zA-Z]|\b),1,16,0.0625
(?:[^a-zA-Z]|\b)(ij|y)sselmonde(?:[^a-zA-Z]|\b),4,31,0.12903225806451613
(?:[^a-zA-Z]|\b)(ij|y)sselmuiden(?:[^a-zA-Z]|\b),10,19,0.5263157894736842
(?:[^a-zA-Z]|\b)(ij|y)sselstein(?:[^a-zA-Z]|\b),5,33,0.15151515151515152
(?:[^a-zA-Z]|\b)(ij|y)zend(ij|y)ke(?:[^a-zA-Z]|\b),4,16,0.25
(?:[^a-zA-Z]|\b)(ij|y)zendoorn(?:[^a-zA-Z]|\b),0,15,0.0
(?:[^a-zA-Z]|\b)ilpendam(?:[^a-zA-Z]|\b),0,3,0.0
(?:[^a-zA-Z]|\b)itteren(?:[^a-zA-Z]|\b),0,3,0.0
(?:[^a-zA-Z]|\b)ittervoort(?:[^a-zA-Z]|\b),0,0,0.0
(?:[^a-zA-Z]|\b)jaarsveld(?:[^a-zA-Z]|\b),4,19,0.21052631578947367
(?:[^a-zA-Z]|\b)jabeek(?:[^a-zA-Z]|\b),0,0,0.0
(?:[^a-zA-Z]|\b)jisp(?:[^a-zA-Z]|\b),0,3,0.0
(?:[^a-zA-Z]|\b)jutphaas(?:[^a-zA-Z]|\b),5,25,0.2
(?:[^a-zA-Z]|\b)kamerik(?:[^a-zA-Z]|\b),10,30,0.3333333333333333
(?:[^a-zA-Z]|\b)kampen(?:[^a-zA-Z]|\b),182,463,0.3930885529157667
(?:[^a-zA-Z]|\b)kamperveen(?:[^a-zA-Z]|\b),2,4,0.5
(?:[^a-zA-Z]|\b)kantens(?:[^a-zA-Z]|\b),0,0,0.0
(?:[^a-zA-Z]|\b)kapelle(?:[^a-zA-Z]|\b),1,3,0.3333333333333333
(?:[^a-zA-Z]|\b)katendrecht(?:[^a-zA-Z]|\b),3,41,0.07317073170731707
(?:[^a-zA-Z]|\b)kats(?:[^a-zA-Z]|\b),0,4,0.0
(?:[^a-zA-Z]|\b)kattend(ij|y)ke(?:[^a-zA-Z]|\b),0,2,0.0
(?:[^a-zA-Z]|\b)katw(ij|y)k(?:[^a-zA-Z]|\b),11,44,0.25
(?:[^a-zA-Z]|\b)katwoude(?:[^a-zA-Z]|\b),0,0,0.0
(?:[^a-zA-Z]|\b)kedichem(?:[^a-zA-Z]|\b),0,2,0.0
(?:[^a-zA-Z]|\b)kerkrade(?:[^a-zA-Z]|\b),1,9,0.1111111111111111
(?:[^a-zA-Z]|\b)kerkwerve(?:[^a-zA-Z]|\b),0,5,0.0
(?:[^a-zA-Z]|\b)kerkw(ij|y)k(?:[^a-zA-Z]|\b),7,30,0.23333333333333334
(?:[^a-zA-Z]|\b)kessel(?:[^a-zA-Z]|\b),1,20,0.05
(?:[^a-zA-Z]|\b)kesteren(?:[^a-zA-Z]|\b),0,12,0.0
(?:[^a-zA-Z]|\b)kethel.?en.?spaland(?:[^a-zA-Z]|\b),2,13,0.15384615384615385
(?:[^a-zA-Z]|\b)klaaswaal(?:[^a-zA-Z]|\b),1,22,0.045454545454545456
(?:[^a-zA-Z]|\b)klimmen(?:[^a-zA-Z]|\b),4,22,0.18181818181818182
(?:[^a-zA-Z]|\b)kloetinge(?:[^a-zA-Z]|\b),0,1,0.0
(?:[^a-zA-Z]|\b)kloosterburen(?:[^a-zA-Z]|\b),0,2,0.0
(?:[^a-zA-Z]|\b)klundert(?:[^a-zA-Z]|\b),9,27,0.3333333333333333
(?:[^a-zA-Z]|\b)kockengen(?:[^a-zA-Z]|\b),13,34,0.38235294117647056
(?:[^a-zA-Z]|\b)koed(ij|y)k(?:[^a-zA-Z]|\b),0,2,0.0
(?:[^a-zA-Z]|\b)koewacht(?:[^a-zA-Z]|\b),1,1,1.0
(?:[^a-zA-Z]|\b)kollumerland(?:[^a-zA-Z]|\b)|(?:[^a-zA-Z]|\b)nieuwkruisland(?:[^a-zA-Z]|\b),2,8,0.25
(?:[^a-zA-Z]|\b)koog.?(aan.?de|a.?d.?).?zaan(?:[^a-zA-Z]|\b),2,26,0.07692307692307693
(?:[^a-zA-Z]|\b)kortenhoef(?:[^a-zA-Z]|\b),1,3,0.3333333333333333
(?:[^a-zA-Z]|\b)kortgene(?:[^a-zA-Z]|\b),0,3,0.0
(?:[^a-zA-Z]|\b)koudekerk(?:[^a-zA-Z]|\b),4,22,0.18181818181818182
(?:[^a-zA-Z]|\b)koudekerke(?:[^a-zA-Z]|\b),3,25,0.12
(?:[^a-zA-Z]|\b)krabbend(ij|y)ke(?:[^a-zA-Z]|\b),0,7,0.0
(?:[^a-zA-Z]|\b)kralingen(?:[^a-zA-Z]|\b),9,71,0.1267605633802817
(?:[^a-zA-Z]|\b)krimpen.?(a.?d.?|aan.?den?).?(ij|y)ssel(?:[^a-zA-Z]|\b),9,33,0.2727272727272727
(?:[^a-zA-Z]|\b)krimpen.?(aan.?de|a.?d.?).?lek(?:[^a-zA-Z]|\b),2,15,0.13333333333333333
(?:[^a-zA-Z]|\b)krommenie(?:[^a-zA-Z]|\b),5,36,0.1388888888888889
(?:[^a-zA-Z]|\b)kruiningen(?:[^a-zA-Z]|\b),0,3,0.0
(?:[^a-zA-Z]|\b)kuinre(?:[^a-zA-Z]|\b),3,6,0.5
(?:[^a-zA-Z]|\b)kwad(ij|y)k(?:[^a-zA-Z]|\b),0,1,0.0
(?:[^a-zA-Z]|\b)laag.?nieuwkoop(?:[^a-zA-Z]|\b),6,23,0.2608695652173913
(?:[^a-zA-Z]|\b)landsmeer(?:[^a-zA-Z]|\b),1,3,0.3333333333333333
(?:[^a-zA-Z]|\b)langbroek(?:[^a-zA-Z]|\b),2,14,0.14285714285714285
(?:[^a-zA-Z]|\b)langerak(?:[^a-zA-Z]|\b),6,17,0.35294117647058826
(?:[^a-zA-Z]|\b)lange.?ruige.?weide(?:[^a-zA-Z]|\b),1,8,0.125
(?:[^a-zA-Z]|\b)laren(?:[^a-zA-Z]|\b),10,34,0.29411764705882354
(?:[^a-zA-Z]|\b)laren(?:[^a-zA-Z]|\b),10,34,0.29411764705882354
(?:[^a-zA-Z]|\b)leek(?:[^a-zA-Z]|\b),9,71,0.1267605633802817
(?:[^a-zA-Z]|\b)leende(?:[^a-zA-Z]|\b),0,4,0.0
(?:[^a-zA-Z]|\b)leens(?:[^a-zA-Z]|\b),2,4,0.5
(?:[^a-zA-Z]|\b)leerbroek(?:[^a-zA-Z]|\b),0,0,0.0
(?:[^a-zA-Z]|\b)leerdam(?:[^a-zA-Z]|\b),8,55,0.14545454545454545
(?:[^a-zA-Z]|\b)leersum(?:[^a-zA-Z]|\b),0,0,0.0
(?:[^a-zA-Z]|\b)l(eeu|iw|ieu)ward(en|\.)(?:[^a-zA-Z]|\b)|(?:[^a-zA-Z]|\b)ljouwert (?:[^a-zA-Z]|\b),77,460,0.1673913043478261
(?:[^a-zA-Z]|\b)leeuwarderadeel(?:[^a-zA-Z]|\b),1,8,0.125
(?:[^a-zA-Z]|\b)le(i|y)den|leid(s|sch)e(?:[^a-zA-Z]|\b),314,968,0.3243801652892562
(?:[^a-zA-Z]|\b)le(ij?|y)derdorp(?:[^a-zA-Z]|\b),13,46,0.2826086956521739
(?:[^a-zA-Z]|\b)leimuiden(?:[^a-zA-Z]|\b),5,24,0.20833333333333334
(?:[^a-zA-Z]|\b)lekkerkerk(?:[^a-zA-Z]|\b),3,27,0.1111111111111111
(?:[^a-zA-Z]|\b)nieuw.?lekkerland(?:[^a-zA-Z]|\b),0,4,0.0
(?:[^a-zA-Z]|\b)lemsterland(?:[^a-zA-Z]|\b),3,14,0.21428571428571427
(?:[^a-zA-Z]|\b)leusden(?:[^a-zA-Z]|\b),2,12,0.16666666666666666
(?:[^a-zA-Z]|\b)lexmond(?:[^a-zA-Z]|\b),1,19,0.05263157894736842
(?:[^a-zA-Z]|\b)lichtenvoorde(?:[^a-zA-Z]|\b),0,2,0.0
(?:[^a-zA-Z]|\b)liempde(?:[^a-zA-Z]|\b),4,10,0.4
(?:[^a-zA-Z]|\b)lienden(?:[^a-zA-Z]|\b),0,9,0.0
(?:[^a-zA-Z]|\b)de.?lier(?:[^a-zA-Z]|\b),0,17,0.0
(?:[^a-zA-Z]|\b)lierop(?:[^a-zA-Z]|\b),0,2,0.0
(?:[^a-zA-Z]|\b)lieshout(?:[^a-zA-Z]|\b),1,7,0.14285714285714285
(?:[^a-zA-Z]|\b)limbricht(?:[^a-zA-Z]|\b),0,1,0.0
(?:[^a-zA-Z]|\b)limmen(?:[^a-zA-Z]|\b),2,8,0.25
(?:[^a-zA-Z]|\b)linden(?:[^a-zA-Z]|\b),9,99,0.09090909090909091
(?:[^a-zA-Z]|\b)groote.?lindt(?:[^a-zA-Z]|\b),0,9,0.0
(?:[^a-zA-Z]|\b)linne(?:[^a-zA-Z]|\b),1,9,0.1111111111111111
(?:[^a-zA-Z]|\b)linschoten(?:[^a-zA-Z]|\b),8,27,0.2962962962962963
(?:[^a-zA-Z]|\b)lisse(?:[^a-zA-Z]|\b),8,29,0.27586206896551724
(?:[^a-zA-Z]|\b)lith(?:[^a-zA-Z]|\b),1,14,0.07142857142857142
(?:[^a-zA-Z]|\b)litho(ij|y)en(?:[^a-zA-Z]|\b),0,7,0.0
(?:[^a-zA-Z]|\b)lochem(?:[^a-zA-Z]|\b),0,11,0.0
(?:[^a-zA-Z]|\b)loenen(?:[^a-zA-Z]|\b),10,70,0.14285714285714285
(?:[^a-zA-Z]|\b)loenersloot(?:[^a-zA-Z]|\b),4,13,0.3076923076923077
(?:[^a-zA-Z]|\b)lonneker(?:[^a-zA-Z]|\b),1,3,0.3333333333333333
(?:[^a-zA-Z]|\b)loon.?op.?zand(?:[^a-zA-Z]|\b),0,3,0.0
(?:[^a-zA-Z]|\b)loosdrecht(?:[^a-zA-Z]|\b),7,33,0.21212121212121213
(?:[^a-zA-Z]|\b)loosduinen(?:[^a-zA-Z]|\b),4,24,0.16666666666666666
(?:[^a-zA-Z]|\b)lopik(?:[^a-zA-Z]|\b),4,24,0.16666666666666666
(?:[^a-zA-Z]|\b)loppersum(?:[^a-zA-Z]|\b),0,1,0.0
(?:[^a-zA-Z]|\b)losser(?:[^a-zA-Z]|\b),1,1,1.0
(?:[^a-zA-Z]|\b)lu(ij|y)ksgestel(?:[^a-zA-Z]|\b),0,0,0.0
(?:[^a-zA-Z]|\b)maarheeze(?:[^a-zA-Z]|\b),0,0,0.0
(?:[^a-zA-Z]|\b)maarn(?:[^a-zA-Z]|\b),1,2,0.5
(?:[^a-zA-Z]|\b)maarssen(?:[^a-zA-Z]|\b),10,60,0.16666666666666666
(?:[^a-zA-Z]|\b)maarsseveen(?:[^a-zA-Z]|\b),4,31,0.12903225806451613
(?:[^a-zA-Z]|\b)maartensd(ij|y)k(?:[^a-zA-Z]|\b),6,36,0.16666666666666666
(?:[^a-zA-Z]|\b)maasbracht(?:[^a-zA-Z]|\b),0,8,0.0
(?:[^a-zA-Z]|\b)maasbree(?:[^a-zA-Z]|\b),0,2,0.0
(?:[^a-zA-Z]|\b)maasdam(?:[^a-zA-Z]|\b),2,12,0.16666666666666666
(?:[^a-zA-Z]|\b)maashees(?:[^a-zA-Z]|\b)|(?:[^a-zA-Z]|\b)overloon(?:[^a-zA-Z]|\b),0,3,0.0
(?:[^a-zA-Z]|\b)maasland(?:[^a-zA-Z]|\b),6,40,0.15
(?:[^a-zA-Z]|\b)maasniel(?:[^a-zA-Z]|\b),0,1,0.0
(?:[^a-zA-Z]|\b)maassluis(?:[^a-zA-Z]|\b),5,154,0.032467532467532464
(?:[^a-zA-Z]|\b)maastr(ich.*|\.)(?:[^a-zA-Z]|\b),77,313,0.24600638977635783
(?:[^a-zA-Z]|\b)made|drimmelen(?:[^a-zA-Z]|\b),14,114,0.12280701754385964
(?:[^a-zA-Z]|\b)margraten(?:[^a-zA-Z]|\b),0,0,0.0
(?:[^a-zA-Z]|\b)markelo(?:[^a-zA-Z]|\b),1,4,0.25
(?:[^a-zA-Z]|\b)marken(?:[^a-zA-Z]|\b),5,16,0.3125
(?:[^a-zA-Z]|\b)marum(?:[^a-zA-Z]|\b),0,0,0.0
(?:[^a-zA-Z]|\b)maurik(?:[^a-zA-Z]|\b),8,15,0.5333333333333333
(?:[^a-zA-Z]|\b)medemblik(?:[^a-zA-Z]|\b),1,35,0.02857142857142857
(?:[^a-zA-Z]|\b)meeden(?:[^a-zA-Z]|\b),2,8,0.25
(?:[^a-zA-Z]|\b)meerkerk(?:[^a-zA-Z]|\b),2,13,0.15384615384615385
(?:[^a-zA-Z]|\b)meerlo(?:[^a-zA-Z]|\b),0,3,0.0
(?:[^a-zA-Z]|\b)meerssen(?:[^a-zA-Z]|\b),1,14,0.07142857142857142
(?:[^a-zA-Z]|\b)meeuwen(?:[^a-zA-Z]|\b)|(?:[^a-zA-Z]|\b)meeuwenn.?.?heel.?.?en.?babyloni(ë|e)nbroek(?:[^a-zA-Z]|\b),1,20,0.05
(?:[^a-zA-Z]|\b)mege(n|n.?.?haren.?.?e?n?.?macharen)(?:[^a-zA-Z]|\b),2,13,0.15384615384615385
(?:[^a-zA-Z]|\b)me(ij|y)el(?:[^a-zA-Z]|\b),0,4,0.0
(?:[^a-zA-Z]|\b)meliskerke(?:[^a-zA-Z]|\b),0,2,0.0
(?:[^a-zA-Z]|\b)melissant(?:[^a-zA-Z]|\b),0,0,0.0
(?:[^a-zA-Z]|\b)menaldumadeel(?:[^a-zA-Z]|\b),5,9,0.5555555555555556
(?:[^a-zA-Z]|\b)meppel(?:[^a-zA-Z]|\b),163,295,0.5525423728813559
(?:[^a-zA-Z]|\b)merkelbeek(?:[^a-zA-Z]|\b),0,1,0.0
(?:[^a-zA-Z]|\b)mesch(?:[^a-zA-Z]|\b),0,13,0.0
(?:[^a-zA-Z]|\b)mheer(?:[^a-zA-Z]|\b),0,2,0.0
(?:[^a-zA-Z]|\b)middelburg(?:[^a-zA-Z]|\b),53,425,0.12470588235294118
(?:[^a-zA-Z]|\b)middelharnis(?:[^a-zA-Z]|\b),2,29,0.06896551724137931
(?:[^a-zA-Z]|\b)middelie(?:[^a-zA-Z]|\b),0,1,0.0
(?:[^a-zA-Z]|\b)middelstum(?:[^a-zA-Z]|\b),1,7,0.14285714285714285
(?:[^a-zA-Z]|\b)midwold(e|a)(?:[^a-zA-Z]|\b),3,11,0.2727272727272727
(?:[^a-zA-Z]|\b)midwoud(?:[^a-zA-Z]|\b),0,5,0.0
(?:[^a-zA-Z]|\b)mierlo(?:[^a-zA-Z]|\b),0,8,0.0
(?:[^a-zA-Z]|\b)m(ij|y)drecht(?:[^a-zA-Z]|\b),8,60,0.13333333333333333
(?:[^a-zA-Z]|\b)m(ij|y)nsheerenland(?:[^a-zA-Z]|\b),0,11,0.0
(?:[^a-zA-Z]|\b)mil(l|l.?en.?(st.?|sint).?hubert)(?:[^a-zA-Z]|\b),2,42,0.047619047619047616
(?:[^a-zA-Z]|\b)millingen(?:[^a-zA-Z]|\b),5,10,0.5
(?:[^a-zA-Z]|\b)moer(c|k)apelle(?:[^a-zA-Z]|\b),0,6,0.0
(?:[^a-zA-Z]|\b)moergestel(?:[^a-zA-Z]|\b),4,6,0.6666666666666666
(?:[^a-zA-Z]|\b)molenaarsgraaf(?:[^a-zA-Z]|\b),0,2,0.0
(?:[^a-zA-Z]|\b)monni.?kendam(?:[^a-zA-Z]|\b),6,41,0.14634146341463414
(?:[^a-zA-Z]|\b)monster(?:[^a-zA-Z]|\b),5,44,0.11363636363636363
(?:[^a-zA-Z]|\b)montfoort(?:[^a-zA-Z]|\b),6,39,0.15384615384615385
(?:[^a-zA-Z]|\b)montfort(?:[^a-zA-Z]|\b),0,0,0.0
(?:[^a-zA-Z]|\b)mook.?en.?middelaar(?:[^a-zA-Z]|\b),0,0,0.0
(?:[^a-zA-Z]|\b)moordrecht(?:[^a-zA-Z]|\b),6,26,0.23076923076923078
(?:[^a-zA-Z]|\b)muiden(?:[^a-zA-Z]|\b),5,35,0.14285714285714285
(?:[^a-zA-Z]|\b)munstergeleen(?:[^a-zA-Z]|\b),0,1,0.0
(?:[^a-zA-Z]|\b)muntendam(?:[^a-zA-Z]|\b),2,29,0.06896551724137931
(?:[^a-zA-Z]|\b)naaldw(ij|y)k(?:[^a-zA-Z]|\b),2,42,0.047619047619047616
(?:[^a-zA-Z]|\b)naarden(?:[^a-zA-Z]|\b),6,27,0.2222222222222222
(?:[^a-zA-Z]|\b)nederhemert(?:[^a-zA-Z]|\b),1,3,0.3333333333333333
(?:[^a-zA-Z]|\b)nederhorst.?den.?berg(?:[^a-zA-Z]|\b),2,12,0.16666666666666666
(?:[^a-zA-Z]|\b)nederweert(?:[^a-zA-Z]|\b),1,9,0.1111111111111111
(?:[^a-zA-Z]|\b)neede(?:[^a-zA-Z]|\b),1,6,0.16666666666666666
(?:[^a-zA-Z]|\b)neer(?:[^a-zA-Z]|\b),8,96,0.08333333333333333
(?:[^a-zA-Z]|\b)neeritter(?:[^a-zA-Z]|\b),0,1,0.0
(?:[^a-zA-Z]|\b)neuzen(?:[^a-zA-Z]|\b),2,25,0.08
(?:[^a-zA-Z]|\b)nibbi(ks|x)woud(?:[^a-zA-Z]|\b),0,0,0.0
(?:[^a-zA-Z]|\b)nieuwe.?niedorp(?:[^a-zA-Z]|\b),0,6,0.0
(?:[^a-zA-Z]|\b)nieuwe.?pekela(?:[^a-zA-Z]|\b),1,7,0.14285714285714285
(?:[^a-zA-Z]|\b)nieuwe.?schans(?:[^a-zA-Z]|\b),0,1,0.0
(?:[^a-zA-Z]|\b)nieuw.?en.?(st.?|sint).?joosland(?:[^a-zA-Z]|\b),0,0,0.0
(?:[^a-zA-Z]|\b)nieuwendam(?:[^a-zA-Z]|\b),2,22,0.09090909090909091
(?:[^a-zA-Z]|\b)nieuwenhagen(?:[^a-zA-Z]|\b),0,1,0.0
(?:[^a-zA-Z]|\b)nieuwenhoorn(?:[^a-zA-Z]|\b),1,9,0.1111111111111111
(?:[^a-zA-Z]|\b)nieuwer.?amstel(?:[^a-zA-Z]|\b),4,26,0.15384615384615385
(?:[^a-zA-Z]|\b)nieuwerkerk(?:[^a-zA-Z]|\b),2,18,0.1111111111111111
(?:[^a-zA-Z]|\b)nieuwerkerk.?(a.?d|aan.?den?).?(ij|y)ssel(?:[^a-zA-Z]|\b),1,9,0.1111111111111111
(?:[^a-zA-Z]|\b)nieuwkoop(?:[^a-zA-Z]|\b),8,37,0.21621621621621623
(?:[^a-zA-Z]|\b)nieuwkuik(?:[^a-zA-Z]|\b),0,3,0.0
(?:[^a-zA-Z]|\b)nieuwland(?:[^a-zA-Z]|\b),1,27,0.037037037037037035
(?:[^a-zA-Z]|\b)nieuwleusen(?:[^a-zA-Z]|\b),5,9,0.5555555555555556
(?:[^a-zA-Z]|\b)nieuwolda(?:[^a-zA-Z]|\b),1,5,0.2
(?:[^a-zA-Z]|\b)nieuwpoort(?:[^a-zA-Z]|\b),4,14,0.2857142857142857
(?:[^a-zA-Z]|\b)nieuwstadt(?:[^a-zA-Z]|\b),0,1,0.0
(?:[^a-zA-Z]|\b)nieuwveen(?:[^a-zA-Z]|\b),7,38,0.18421052631578946
(?:[^a-zA-Z]|\b)nieuwvliet(?:[^a-zA-Z]|\b),0,3,0.0
(?:[^a-zA-Z]|\b)nieuw.?vo(s|sse)meer(?:[^a-zA-Z]|\b),4,12,0.3333333333333333
(?:[^a-zA-Z]|\b)nigtevecht(?:[^a-zA-Z]|\b),1,3,0.3333333333333333
(?:[^a-zA-Z]|\b)n(ij|y)eveen(?:[^a-zA-Z]|\b),1,4,0.25
(?:[^a-zA-Z]|\b)n(ij|y)kerk(?:[^a-zA-Z]|\b),8,49,0.16326530612244897
(?:[^a-zA-Z]|\b)n(ij|y)me(gen|eeg.*)(?:[^a-zA-Z]|\b)|(?:[^a-zA-Z]|\b)nijm\.(?:[^a-zA-Z]|\b),47,278,0.16906474820143885
(?:[^a-zA-Z]|\b)nisse(?:[^a-zA-Z]|\b),0,2,0.0
(?:[^a-zA-Z]|\b)nistelrode(?:[^a-zA-Z]|\b),3,9,0.3333333333333333
(?:[^a-zA-Z]|\b)noorbeek(?:[^a-zA-Z]|\b),0,1,0.0
(?:[^a-zA-Z]|\b)noordbroek(?:[^a-zA-Z]|\b),0,0,0.0
(?:[^a-zA-Z]|\b)noordd(ij|y)k(?:[^a-zA-Z]|\b),0,1,0.0
(?:[^a-zA-Z]|\b)noordeloos(?:[^a-zA-Z]|\b),3,16,0.1875
(?:[^a-zA-Z]|\b)noordgouwe(?:[^a-zA-Z]|\b),0,3,0.0
(?:[^a-zA-Z]|\b)noord.?scharwoude(?:[^a-zA-Z]|\b),0,3,0.0
(?:[^a-zA-Z]|\b)noordwelle(?:[^a-zA-Z]|\b),0,0,0.0
(?:[^a-zA-Z]|\b)noordw(ij|y)k(?:[^a-zA-Z]|\b),5,41,0.12195121951219512
(?:[^a-zA-Z]|\b)noordw(ij|y)kerhout(?:[^a-zA-Z]|\b),3,20,0.15
(?:[^a-zA-Z]|\b)nootdorp(?:[^a-zA-Z]|\b),1,23,0.043478260869565216
(?:[^a-zA-Z]|\b)norg(?:[^a-zA-Z]|\b),3,14,0.21428571428571427
(?:[^a-zA-Z]|\b)nuene(n|n.?.?gerwen.?.?en.?nederwetten)(?:[^a-zA-Z]|\b),0,1,0.0
(?:[^a-zA-Z]|\b)nuland(?:[^a-zA-Z]|\b),0,3,0.0
(?:[^a-zA-Z]|\b)numansdorp(?:[^a-zA-Z]|\b),3,18,0.16666666666666666
(?:[^a-zA-Z]|\b)nunhem(?:[^a-zA-Z]|\b),0,0,0.0
(?:[^a-zA-Z]|\b)nuth(?:[^a-zA-Z]|\b),1,5,0.2
(?:[^a-zA-Z]|\b)obbichten(.?|.?en.?)papenhoven(?:[^a-zA-Z]|\b),0,0,0.0
(?:[^a-zA-Z]|\b)obdam(?:[^a-zA-Z]|\b),1,5,0.2
(?:[^a-zA-Z]|\b)od(ij|y)k(?:[^a-zA-Z]|\b),0,10,0.0
(?:[^a-zA-Z]|\b)odoorn(?:[^a-zA-Z]|\b),2,9,0.2222222222222222
(?:[^a-zA-Z]|\b)oeffelt(?:[^a-zA-Z]|\b),0,4,0.0
(?:[^a-zA-Z]|\b)oegstgeest(?:[^a-zA-Z]|\b),5,20,0.25
(?:[^a-zA-Z]|\b)oerle(?:[^a-zA-Z]|\b),0,0,0.0
(?:[^a-zA-Z]|\b)oh(e|é).?en.?laak(?:[^a-zA-Z]|\b),1,3,0.3333333333333333
(?:[^a-zA-Z]|\b)o(ij|y)e(n|n.?en.?teeffelen)(?:[^a-zA-Z]|\b),1,18,0.05555555555555555
(?:[^a-zA-Z]|\b)oirsbeek(?:[^a-zA-Z]|\b),0,1,0.0
(?:[^a-zA-Z]|\b)oirschot(?:[^a-zA-Z]|\b),3,19,0.15789473684210525
(?:[^a-zA-Z]|\b)oisterw(ij|y)k(?:[^a-zA-Z]|\b),6,23,0.2608695652173913
(?:[^a-zA-Z]|\b)oldebroek(?:[^a-zA-Z]|\b),0,11,0.0
(?:[^a-zA-Z]|\b)oldehove(?:[^a-zA-Z]|\b),1,4,0.25
(?:[^a-zA-Z]|\b)oldekerk(?:[^a-zA-Z]|\b),0,4,0.0
(?:[^a-zA-Z]|\b)oldemarkt(?:[^a-zA-Z]|\b),8,39,0.20512820512820512
(?:[^a-zA-Z]|\b)oldenzaal(?:[^a-zA-Z]|\b),4,32,0.125
(?:[^a-zA-Z]|\b)olst(?:[^a-zA-Z]|\b),16,39,0.41025641025641024
(?:[^a-zA-Z]|\b)ommen(?:[^a-zA-Z]|\b),22,71,0.30985915492957744
(?:[^a-zA-Z]|\b)ommen(?:[^a-zA-Z]|\b),22,71,0.30985915492957744
(?:[^a-zA-Z]|\b)onstwedde(?:[^a-zA-Z]|\b),1,8,0.125
(?:[^a-zA-Z]|\b)ooltgensplaat(?:[^a-zA-Z]|\b),2,13,0.15384615384615385
(?:[^a-zA-Z]|\b)oostburg(?:[^a-zA-Z]|\b),2,36,0.05555555555555555
(?:[^a-zA-Z]|\b)oostdongeradeel(?:[^a-zA-Z]|\b),3,9,0.3333333333333333
(?:[^a-zA-Z]|\b)oostelbeers(?:[^a-zA-Z]|\b),0,0,0.0
(?:[^a-zA-Z]|\b)oost.?en.?west.?souburg(?:[^a-zA-Z]|\b),0,0,0.0
(?:[^a-zA-Z]|\b)oosterhesselen(?:[^a-zA-Z]|\b),0,2,0.0
(?:[^a-zA-Z]|\b)oosterhout(?:[^a-zA-Z]|\b),16,75,0.21333333333333335
(?:[^a-zA-Z]|\b)oosterland(?:[^a-zA-Z]|\b),6,15,0.4
(?:[^a-zA-Z]|\b)oosthuizen(?:[^a-zA-Z]|\b),2,6,0.3333333333333333
(?:[^a-zA-Z]|\b)oostkapelle(?:[^a-zA-Z]|\b),0,2,0.0
(?:[^a-zA-Z]|\b)ooststellingwerf(?:[^a-zA-Z]|\b),3,11,0.2727272727272727
(?:[^a-zA-Z]|\b)oostvoorne(?:[^a-zA-Z]|\b),1,8,0.125
(?:[^a-zA-Z]|\b)oostzaan(?:[^a-zA-Z]|\b),2,30,0.06666666666666667
(?:[^a-zA-Z]|\b)ootmarsum(?:[^a-zA-Z]|\b),2,12,0.16666666666666666
(?:[^a-zA-Z]|\b)ophemert(?:[^a-zA-Z]|\b),3,17,0.17647058823529413
(?:[^a-zA-Z]|\b)oplo(o?|o?.?.?(sint|st.?).?anthonis.?e?n?.?ledeacker)(?:[^a-zA-Z]|\b),0,2,0.0
(?:[^a-zA-Z]|\b)opmeer(?:[^a-zA-Z]|\b),1,5,0.2
(?:[^a-zA-Z]|\b)opperdoes(?:[^a-zA-Z]|\b),0,5,0.0
(?:[^a-zA-Z]|\b)opsterland(?:[^a-zA-Z]|\b),1,7,0.14285714285714285
(?:[^a-zA-Z]|\b)oss(?:[^a-zA-Z]|\b),7,21,0.3333333333333333
(?:[^a-zA-Z]|\b)ossendrecht(?:[^a-zA-Z]|\b),0,5,0.0
(?:[^a-zA-Z]|\b)ossenisse(?:[^a-zA-Z]|\b),0,0,0.0
(?:[^a-zA-Z]|\b)oterleek(?:[^a-zA-Z]|\b),0,2,0.0
(?:[^a-zA-Z]|\b)ottersum(?:[^a-zA-Z]|\b),0,1,0.0
(?:[^a-zA-Z]|\b)ottoland(?:[^a-zA-Z]|\b),1,10,0.1
(?:[^a-zA-Z]|\b)ouddorp(?:[^a-zA-Z]|\b),0,11,0.0
(?:[^a-zA-Z]|\b)oude.?niedorp(?:[^a-zA-Z]|\b),0,1,0.0
(?:[^a-zA-Z]|\b)oude.?pekela(?:[^a-zA-Z]|\b),0,10,0.0
(?:[^a-zA-Z]|\b)oudelande(?:[^a-zA-Z]|\b),0,0,0.0
(?:[^a-zA-Z]|\b)oud.?en.?nieuw.?gastel(?:[^a-zA-Z]|\b),0,1,0.0
(?:[^a-zA-Z]|\b)oudenbosch(?:[^a-zA-Z]|\b),0,11,0.0
(?:[^a-zA-Z]|\b)oudend(ij|y)k(?:[^a-zA-Z]|\b),1,11,0.09090909090909091
(?:[^a-zA-Z]|\b)oudenhoorn(?:[^a-zA-Z]|\b),1,10,0.1
(?:[^a-zA-Z]|\b)oudenr(ij|y)n(?:[^a-zA-Z]|\b),1,7,0.14285714285714285
(?:[^a-zA-Z]|\b)ouder.?amstel(?:[^a-zA-Z]|\b),2,15,0.13333333333333333
(?:[^a-zA-Z]|\b)ouderkerk.?(a.?d|aan.?den?).?(ij|y)ssel(?:[^a-zA-Z]|\b),3,19,0.15789473684210525
(?:[^a-zA-Z]|\b)oudewater(?:[^a-zA-Z]|\b),3,23,0.13043478260869565
(?:[^a-zA-Z]|\b)oudheusden(?:[^a-zA-Z]|\b),0,3,0.0
(?:[^a-zA-Z]|\b)oudkarspel(?:[^a-zA-Z]|\b),0,1,0.0
(?:[^a-zA-Z]|\b)oudorp(?:[^a-zA-Z]|\b),1,5,0.2
(?:[^a-zA-Z]|\b)oudshoorn(?:[^a-zA-Z]|\b),6,48,0.125
(?:[^a-zA-Z]|\b)oud.?valkenburg(?:[^a-zA-Z]|\b),0,2,0.0
(?:[^a-zA-Z]|\b)oud.?vossemeer(?:[^a-zA-Z]|\b),1,1,1.0
(?:[^a-zA-Z]|\b)oud.?vroenhoven(?:[^a-zA-Z]|\b),0,0,0.0
(?:[^a-zA-Z]|\b)ouwerkerk(?:[^a-zA-Z]|\b),2,7,0.2857142857142857
(?:[^a-zA-Z]|\b)overasselt(?:[^a-zA-Z]|\b),0,0,0.0
(?:[^a-zA-Z]|\b)overschie(?:[^a-zA-Z]|\b),3,31,0.0967741935483871
(?:[^a-zA-Z]|\b)overslag(?:[^a-zA-Z]|\b),0,0,0.0
(?:[^a-zA-Z]|\b)ovezande(?:[^a-zA-Z]|\b),0,0,0.0
(?:[^a-zA-Z]|\b)pannerden(?:[^a-zA-Z]|\b),0,1,0.0
(?:[^a-zA-Z]|\b)papekop(?:[^a-zA-Z]|\b),0,6,0.0
(?:[^a-zA-Z]|\b)papendrecht(?:[^a-zA-Z]|\b),3,17,0.17647058823529413
(?:[^a-zA-Z]|\b)peize(?:[^a-zA-Z]|\b),2,9,0.2222222222222222
(?:[^a-zA-Z]|\b)pernis(?:[^a-zA-Z]|\b),5,28,0.17857142857142858
(?:[^a-zA-Z]|\b)petten(?:[^a-zA-Z]|\b),1,36,0.027777777777777776
(?:[^a-zA-Z]|\b)peursum(?:[^a-zA-Z]|\b),2,10,0.2
(?:[^a-zA-Z]|\b)philippine(?:[^a-zA-Z]|\b),0,6,0.0
(?:[^a-zA-Z]|\b)piershil(?:[^a-zA-Z]|\b),1,12,0.08333333333333333
(?:[^a-zA-Z]|\b)p(ij|y)nacker(?:[^a-zA-Z]|\b),1,19,0.05263157894736842
(?:[^a-zA-Z]|\b)poedero(ij|y)en(?:[^a-zA-Z]|\b),1,2,0.5
(?:[^a-zA-Z]|\b)polsbroek(?:[^a-zA-Z]|\b),7,35,0.2
(?:[^a-zA-Z]|\b)poortugaal(?:[^a-zA-Z]|\b),1,28,0.03571428571428571
(?:[^a-zA-Z]|\b)poortvliet(?:[^a-zA-Z]|\b),0,0,0.0
(?:[^a-zA-Z]|\b)posterholt(?:[^a-zA-Z]|\b),0,0,0.0
(?:[^a-zA-Z]|\b)princenhage(?:[^a-zA-Z]|\b),0,4,0.0
(?:[^a-zA-Z]|\b)purmerend(?:[^a-zA-Z]|\b),8,48,0.16666666666666666
(?:[^a-zA-Z]|\b)putte(?:[^a-zA-Z]|\b),14,157,0.08917197452229299
(?:[^a-zA-Z]|\b)putten(?:[^a-zA-Z]|\b),15,71,0.2112676056338028
(?:[^a-zA-Z]|\b)puttershoek(?:[^a-zA-Z]|\b),0,25,0.0
(?:[^a-zA-Z]|\b)raalte(?:[^a-zA-Z]|\b),11,41,0.2682926829268293
(?:[^a-zA-Z]|\b)raamsdonk(?:[^a-zA-Z]|\b),7,15,0.4666666666666667
(?:[^a-zA-Z]|\b)ransdorp(?:[^a-zA-Z]|\b),3,18,0.16666666666666666
(?:[^a-zA-Z]|\b)rauwerderhem(?:[^a-zA-Z]|\b),0,1,0.0
(?:[^a-zA-Z]|\b)ravenstein(?:[^a-zA-Z]|\b),0,7,0.0
(?:[^a-zA-Z]|\b)reek(?:[^a-zA-Z]|\b),0,11,0.0
(?:[^a-zA-Z]|\b)reeuw(ij|y)k(?:[^a-zA-Z]|\b),2,15,0.13333333333333333
(?:[^a-zA-Z]|\b)renesse(?:[^a-zA-Z]|\b),11,70,0.15714285714285714
(?:[^a-zA-Z]|\b)renkum(?:[^a-zA-Z]|\b),0,11,0.0
(?:[^a-zA-Z]|\b)renswoude(?:[^a-zA-Z]|\b),2,6,0.3333333333333333
(?:[^a-zA-Z]|\b)retranchement(?:[^a-zA-Z]|\b),0,1,0.0
(?:[^a-zA-Z]|\b)reusel(?:[^a-zA-Z]|\b),0,3,0.0
(?:[^a-zA-Z]|\b)rheden(?:[^a-zA-Z]|\b),0,6,0.0
(?:[^a-zA-Z]|\b)rhenen(?:[^a-zA-Z]|\b),1,21,0.047619047619047616
(?:[^a-zA-Z]|\b)rh?(ij|y)nsburg(?:[^a-zA-Z]|\b),6,23,0.2608695652173913
(?:[^a-zA-Z]|\b)rhoon(?:[^a-zA-Z]|\b),3,23,0.13043478260869565
(?:[^a-zA-Z]|\b)ridderkerk(?:[^a-zA-Z]|\b),7,37,0.1891891891891892
(?:[^a-zA-Z]|\b)riethoven(?:[^a-zA-Z]|\b),0,0,0.0
(?:[^a-zA-Z]|\b)rietveld(?:[^a-zA-Z]|\b),10,56,0.17857142857142858
(?:[^a-zA-Z]|\b)r(ij|y)ckholt(?:[^a-zA-Z]|\b),0,0,0.0
(?:[^a-zA-Z]|\b)r(ij|y)nsaterwoude(?:[^a-zA-Z]|\b),1,10,0.1
(?:[^a-zA-Z]|\b)r(ij|y)p(?:[^a-zA-Z]|\b),10,53,0.18867924528301888
(?:[^a-zA-Z]|\b)r(ij|y)sbergen(?:[^a-zA-Z]|\b),0,7,0.0
(?:[^a-zA-Z]|\b)r(ij|y)senburg(?:[^a-zA-Z]|\b),4,10,0.4
(?:[^a-zA-Z]|\b)r(ij|y)ssen(?:[^a-zA-Z]|\b),2,8,0.25
(?:[^a-zA-Z]|\b)r(ij|y)sw(ij|y)k(?:[^a-zA-Z]|\b),15,76,0.19736842105263158
(?:[^a-zA-Z]|\b)r(ij|y)sw(ij|y)k(?:[^a-zA-Z]|\b),15,76,0.19736842105263158
(?:[^a-zA-Z]|\b)rilland(?:[^a-zA-Z]|\b),0,2,0.0
(?:[^a-zA-Z]|\b)rimburg(?:[^a-zA-Z]|\b),0,1,0.0
(?:[^a-zA-Z]|\b)ritthem(?:[^a-zA-Z]|\b),0,6,0.0
(?:[^a-zA-Z]|\b)rockanje(?:[^a-zA-Z]|\b),2,12,0.16666666666666666
(?:[^a-zA-Z]|\b)roden(?:[^a-zA-Z]|\b),5,15,0.3333333333333333
(?:[^a-zA-Z]|\b)roermond(?:[^a-zA-Z]|\b),27,109,0.24770642201834864
(?:[^a-zA-Z]|\b)roggel(?:[^a-zA-Z]|\b),0,3,0.0
(?:[^a-zA-Z]|\b)rolde(?:[^a-zA-Z]|\b),0,5,0.0
(?:[^a-zA-Z]|\b)roosteren(?:[^a-zA-Z]|\b),0,1,0.0
(?:[^a-zA-Z]|\b)roo?(s|z)endaal(?:[^a-zA-Z]|\b),35,146,0.23972602739726026
(?:[^a-zA-Z]|\b)roo(s|z)endaal.?en.?nispen(?:[^a-zA-Z]|\b),0,0,0.0
(?:[^a-zA-Z]|\b)rosmalen(?:[^a-zA-Z]|\b),5,28,0.17857142857142858
(?:[^a-zA-Z]|\b)rossum(?:[^a-zA-Z]|\b),5,33,0.15151515151515152
(?:[^a-zA-Z]|\b)rott.?rdam|rott\.(?:[^a-zA-Z]|\b),335,2338,0.14328485885372114
(?:[^a-zA-Z]|\b)rozenburg(?:[^a-zA-Z]|\b),4,36,0.1111111111111111
(?:[^a-zA-Z]|\b)rucphen(?:[^a-zA-Z]|\b),3,8,0.375
(?:[^a-zA-Z]|\b)ruinen(?:[^a-zA-Z]|\b),1,9,0.1111111111111111
(?:[^a-zA-Z]|\b)ruinerwold(?:[^a-zA-Z]|\b),1,9,0.1111111111111111
(?:[^a-zA-Z]|\b)ruurlo(?:[^a-zA-Z]|\b),0,0,0.0
(?:[^a-zA-Z]|\b)ruwiel(?:[^a-zA-Z]|\b),1,19,0.05263157894736842
(?:[^a-zA-Z]|\b)s.?graveland(?:[^a-zA-Z]|\b),5,13,0.38461538461538464
(?:[^a-zA-Z]|\b)s.?graven?moer(?:[^a-zA-Z]|\b),2,10,0.2
(?:[^a-zA-Z]|\b)s.?gravendeel(?:[^a-zA-Z]|\b),4,33,0.12121212121212122
(?:[^a-zA-Z]|\b)graven.?hage|haag.*|s.?hage|grave\.(?:[^a-zA-Z]|\b),373,1468,0.25408719346049047
(?:[^a-zA-Z]|\b)s.?graven?polder(?:[^a-zA-Z]|\b),0,5,0.0
(?:[^a-zA-Z]|\b)s.?grave(s|z)ande(?:[^a-zA-Z]|\b),5,43,0.11627906976744186
(?:[^a-zA-Z]|\b)s.?heer.?abtskerke(?:[^a-zA-Z]|\b),0,2,0.0
(?:[^a-zA-Z]|\b)s.?heer.?arendskerke(?:[^a-zA-Z]|\b),0,0,0.0
(?:[^a-zA-Z]|\b)s.?heerenhoek(?:[^a-zA-Z]|\b),0,0,0.0
(?:[^a-zA-Z]|\b)hert.?ogenbosch|(s|den).?bosch(?:[^a-zA-Z]|\b),87,446,0.19506726457399104
(?:[^a-zA-Z]|\b)sambeek(?:[^a-zA-Z]|\b),0,2,0.0
(?:[^a-zA-Z]|\b)sappemeer(?:[^a-zA-Z]|\b),1,6,0.16666666666666666
(?:[^a-zA-Z]|\b)sas.?van.?gent(?:[^a-zA-Z]|\b),0,1,0.0
(?:[^a-zA-Z]|\b)sassenheim(?:[^a-zA-Z]|\b),6,26,0.23076923076923078
(?:[^a-zA-Z]|\b)schaesbergh?(?:[^a-zA-Z]|\b),0,0,0.0
(?:[^a-zA-Z]|\b)schagen(?:[^a-zA-Z]|\b),3,54,0.05555555555555555
(?:[^a-zA-Z]|\b)scha(ij|y)k(?:[^a-zA-Z]|\b),2,7,0.2857142857142857
(?:[^a-zA-Z]|\b)schalkw(ij|y)k(?:[^a-zA-Z]|\b),5,20,0.25
(?:[^a-zA-Z]|\b)scheemda(?:[^a-zA-Z]|\b),0,0,0.0
(?:[^a-zA-Z]|\b)schellinkhout(?:[^a-zA-Z]|\b),0,1,0.0
(?:[^a-zA-Z]|\b)schelluinen(?:[^a-zA-Z]|\b),0,3,0.0
(?:[^a-zA-Z]|\b)schermerhorn(?:[^a-zA-Z]|\b),0,0,0.0
(?:[^a-zA-Z]|\b)scherpenisse(?:[^a-zA-Z]|\b),0,0,0.0
(?:[^a-zA-Z]|\b)scherpenzeel(?:[^a-zA-Z]|\b),2,13,0.15384615384615385
(?:[^a-zA-Z]|\b)schiebroek(?:[^a-zA-Z]|\b),1,15,0.06666666666666667
(?:[^a-zA-Z]|\b)schieda(m|ams.?)(?:[^a-zA-Z]|\b),257,672,0.38244047619047616
(?:[^a-zA-Z]|\b)schiermonnikoog(?:[^a-zA-Z]|\b),2,8,0.25
(?:[^a-zA-Z]|\b)sch(ij|y)ndel(?:[^a-zA-Z]|\b),2,7,0.2857142857142857
(?:[^a-zA-Z]|\b)schimmert(?:[^a-zA-Z]|\b),0,1,0.0
(?:[^a-zA-Z]|\b)schin.?op.?geulle(?:[^a-zA-Z]|\b),0,1,0.0
(?:[^a-zA-Z]|\b)schinnen(?:[^a-zA-Z]|\b),0,1,0.0
(?:[^a-zA-Z]|\b)schinveld(?:[^a-zA-Z]|\b),0,1,0.0
(?:[^a-zA-Z]|\b)schipluiden(?:[^a-zA-Z]|\b),6,30,0.2
(?:[^a-zA-Z]|\b)schoond(ij|y)ke(?:[^a-zA-Z]|\b),1,13,0.07692307692307693
(?:[^a-zA-Z]|\b)schoonhoven(?:[^a-zA-Z]|\b),8,95,0.08421052631578947
(?:[^a-zA-Z]|\b)schoonrewoerd(?:[^a-zA-Z]|\b),1,4,0.25
(?:[^a-zA-Z]|\b)schoorl(?:[^a-zA-Z]|\b),0,6,0.0
(?:[^a-zA-Z]|\b)schore(?:[^a-zA-Z]|\b),0,1,0.0
(?:[^a-zA-Z]|\b)schoten(?:[^a-zA-Z]|\b),17,117,0.1452991452991453
(?:[^a-zA-Z]|\b)schoterland(?:[^a-zA-Z]|\b),6,12,0.5
(?:[^a-zA-Z]|\b)serooskerke(?:[^a-zA-Z]|\b),2,12,0.16666666666666666
(?:[^a-zA-Z]|\b)serooskerke(?:[^a-zA-Z]|\b),2,12,0.16666666666666666
(?:[^a-zA-Z]|\b)sevenum(?:[^a-zA-Z]|\b),0,5,0.0
(?:[^a-zA-Z]|\b)s(ij|y)bekarspel(?:[^a-zA-Z]|\b),0,3,0.0
(?:[^a-zA-Z]|\b)simpelveld(?:[^a-zA-Z]|\b),0,1,0.0
(?:[^a-zA-Z]|\b)(st.?|sint).?maarten(?:[^a-zA-Z]|\b),1,3,0.3333333333333333
(?:[^a-zA-Z]|\b)(st.?|sint).?pancras(?:[^a-zA-Z]|\b),1,3,0.3333333333333333
(?:[^a-zA-Z]|\b)sittard(?:[^a-zA-Z]|\b),2,9,0.2222222222222222
(?:[^a-zA-Z]|\b)sleen(?:[^a-zA-Z]|\b),0,9,0.0
(?:[^a-zA-Z]|\b)slenaken(?:[^a-zA-Z]|\b),0,1,0.0
(?:[^a-zA-Z]|\b)sliedrecht(?:[^a-zA-Z]|\b),17,91,0.18681318681318682
(?:[^a-zA-Z]|\b)slochteren(?:[^a-zA-Z]|\b),1,6,0.16666666666666666
(?:[^a-zA-Z]|\b)sloten(?:[^a-zA-Z]|\b),12,93,0.12903225806451613
(?:[^a-zA-Z]|\b)sloten(?:[^a-zA-Z]|\b),12,93,0.12903225806451613
(?:[^a-zA-Z]|\b)sluipw(ij|y)k(?:[^a-zA-Z]|\b),1,10,0.1
(?:[^a-zA-Z]|\b)sluis(?:[^a-zA-Z]|\b),19,127,0.14960629921259844
(?:[^a-zA-Z]|\b)smallingerland(?:[^a-zA-Z]|\b),0,2,0.0
(?:[^a-zA-Z]|\b)smilde(?:[^a-zA-Z]|\b),7,32,0.21875
(?:[^a-zA-Z]|\b)sneek(?:[^a-zA-Z]|\b),18,143,0.1258741258741259
(?:[^a-zA-Z]|\b)snelrewaard(?:[^a-zA-Z]|\b),2,16,0.125
(?:[^a-zA-Z]|\b)soerendon(k|k.?.?sterksel.?e?n?.?gastel)(?:[^a-zA-Z]|\b),0,0,0.0
(?:[^a-zA-Z]|\b)soest(?:[^a-zA-Z]|\b),4,32,0.125
(?:[^a-zA-Z]|\b)someren(?:[^a-zA-Z]|\b),2,16,0.125
(?:[^a-zA-Z]|\b)sommelsd(ij|y)k(?:[^a-zA-Z]|\b),3,29,0.10344827586206896
(?:[^a-zA-Z]|\b)so(n|n.?e?n?.?breugel)(?:[^a-zA-Z]|\b),4,66,0.06060606060606061
(?:[^a-zA-Z]|\b)spaarndam(?:[^a-zA-Z]|\b),16,32,0.5
(?:[^a-zA-Z]|\b)spanbroek(?:[^a-zA-Z]|\b),4,10,0.4
(?:[^a-zA-Z]|\b)spaubeek(?:[^a-zA-Z]|\b),0,1,0.0
(?:[^a-zA-Z]|\b)sp(ij|y)kenisse(?:[^a-zA-Z]|\b),3,17,0.17647058823529413
(?:[^a-zA-Z]|\b)sprang(?:[^a-zA-Z]|\b),5,17,0.29411764705882354
(?:[^a-zA-Z]|\b)(st.?|sint).?anna.?ter.?muiden(?:[^a-zA-Z]|\b),0,0,0.0
(?:[^a-zA-Z]|\b)(st.?|sint).?annaland(?:[^a-zA-Z]|\b),7,10,0.7
(?:[^a-zA-Z]|\b)(st.?|sint).?jansteen(?:[^a-zA-Z]|\b),0,0,0.0
(?:[^a-zA-Z]|\b)(st.?|sint).?kruis(?:[^a-zA-Z]|\b),0,0,0.0
(?:[^a-zA-Z]|\b)(st.?|sint).?laurens(?:[^a-zA-Z]|\b),0,3,0.0
(?:[^a-zA-Z]|\b)(st.?|sint).?maartensd(ij|y)k(?:[^a-zA-Z]|\b),1,7,0.14285714285714285
(?:[^a-zA-Z]|\b)(st.?|sint).?michiels.?gestel(?:[^a-zA-Z]|\b),2,9,0.2222222222222222
(?:[^a-zA-Z]|\b)(st.?|sint).?odili(e|ë)nberg(?:[^a-zA-Z]|\b),0,1,0.0
(?:[^a-zA-Z]|\b)(st.?|sint).?oedenrode(?:[^a-zA-Z]|\b),0,7,0.0
(?:[^a-zA-Z]|\b)(st.?|sint).?philipsland(?:[^a-zA-Z]|\b),0,1,0.0
(?:[^a-zA-Z]|\b)(st.?|sint).?pieter(?:[^a-zA-Z]|\b),3,13,0.23076923076923078
(?:[^a-zA-Z]|\b)stad.?aan.?.?t.?haringvliet(?:[^a-zA-Z]|\b),0,2,0.0
(?:[^a-zA-Z]|\b)standdaarbuiten(?:[^a-zA-Z]|\b),0,0,0.0
(?:[^a-zA-Z]|\b)staphorst(?:[^a-zA-Z]|\b),6,17,0.35294117647058826
(?:[^a-zA-Z]|\b)stavenisse(?:[^a-zA-Z]|\b),1,27,0.037037037037037035
(?:[^a-zA-Z]|\b)stavoren(?:[^a-zA-Z]|\b),8,25,0.32
(?:[^a-zA-Z]|\b)ste..?geertruid(?:[^a-zA-Z]|\b),0,0,0.0
(?:[^a-zA-Z]|\b)stedum(?:[^a-zA-Z]|\b),0,0,0.0
(?:[^a-zA-Z]|\b)steenberge(n|n.?en.?kruisland)(?:[^a-zA-Z]|\b),3,77,0.03896103896103896
(?:[^a-zA-Z]|\b)steenderen(?:[^a-zA-Z]|\b),1,4,0.25
(?:[^a-zA-Z]|\b)steenw(ij|y)k(?:[^a-zA-Z]|\b),18,91,0.1978021978021978
(?:[^a-zA-Z]|\b)steenw(ij|y)kerwold(?:[^a-zA-Z]|\b),3,8,0.375
(?:[^a-zA-Z]|\b)stein(?:[^a-zA-Z]|\b),1,7,0.14285714285714285
(?:[^a-zA-Z]|\b)stein(?:[^a-zA-Z]|\b),1,7,0.14285714285714285
(?:[^a-zA-Z]|\b)stellendam(?:[^a-zA-Z]|\b),0,0,0.0
(?:[^a-zA-Z]|\b)stevensweert(?:[^a-zA-Z]|\b),0,1,0.0
(?:[^a-zA-Z]|\b)stiphout(?:[^a-zA-Z]|\b),2,2,1.0
(?:[^a-zA-Z]|\b)stolw(ij|y)k(?:[^a-zA-Z]|\b),8,20,0.4
(?:[^a-zA-Z]|\b)stompw(ij|y)k(?:[^a-zA-Z]|\b),2,19,0.10526315789473684
(?:[^a-zA-Z]|\b)stoppeld(ij|y)k(?:[^a-zA-Z]|\b),0,0,0.0
(?:[^a-zA-Z]|\b)stoutenburg(?:[^a-zA-Z]|\b),1,3,0.3333333333333333
(?:[^a-zA-Z]|\b)strampro(ij|y)(?:[^a-zA-Z]|\b),0,0,0.0
(?:[^a-zA-Z]|\b)stratum(?:[^a-zA-Z]|\b),0,5,0.0
(?:[^a-zA-Z]|\b)streefkerk(?:[^a-zA-Z]|\b),2,13,0.15384615384615385
(?:[^a-zA-Z]|\b)str(ij|y)en(?:[^a-zA-Z]|\b),3,20,0.15
(?:[^a-zA-Z]|\b)str(ij|y)p(?:[^a-zA-Z]|\b),0,1,0.0
(?:[^a-zA-Z]|\b)strucht(?:[^a-zA-Z]|\b),0,0,0.0
(?:[^a-zA-Z]|\b)susteren(?:[^a-zA-Z]|\b),0,7,0.0
(?:[^a-zA-Z]|\b)swalmen(?:[^a-zA-Z]|\b),0,8,0.0
(?:[^a-zA-Z]|\b)h?e?.?t.?bildt(?:[^a-zA-Z]|\b),0,4,0.0
(?:[^a-zA-Z]|\b)t.?zandt(?:[^a-zA-Z]|\b),1,3,0.3333333333333333
(?:[^a-zA-Z]|\b)tegelen(?:[^a-zA-Z]|\b),0,10,0.0
(?:[^a-zA-Z]|\b)ten.?boer(?:[^a-zA-Z]|\b),3,9,0.3333333333333333
(?:[^a-zA-Z]|\b)terhe(ij|y)den(?:[^a-zA-Z]|\b),6,33,0.18181818181818182
(?:[^a-zA-Z]|\b)termunten(?:[^a-zA-Z]|\b),0,0,0.0
(?:[^a-zA-Z]|\b)terschelling(?:[^a-zA-Z]|\b),2,13,0.15384615384615385
(?:[^a-zA-Z]|\b)teteringen(?:[^a-zA-Z]|\b),0,1,0.0
(?:[^a-zA-Z]|\b)texel(?:[^a-zA-Z]|\b),18,233,0.07725321888412018
(?:[^a-zA-Z]|\b)tholen(?:[^a-zA-Z]|\b),15,61,0.2459016393442623
(?:[^a-zA-Z]|\b)thorn(?:[^a-zA-Z]|\b),0,1,0.0
(?:[^a-zA-Z]|\b)tiel(?:[^a-zA-Z]|\b),15,89,0.16853932584269662
(?:[^a-zA-Z]|\b)tienhoven(?:[^a-zA-Z]|\b),2,14,0.14285714285714285
(?:[^a-zA-Z]|\b)tienhoven(?:[^a-zA-Z]|\b),2,14,0.14285714285714285
(?:[^a-zA-Z]|\b)tietjerksteradeel(?:[^a-zA-Z]|\b),1,4,0.25
(?:[^a-zA-Z]|\b)tilb(urg|\.)(?:[^a-zA-Z]|\b),34,159,0.2138364779874214
(?:[^a-zA-Z]|\b)nieuwe.?tonge(?:[^a-zA-Z]|\b),0,2,0.0
(?:[^a-zA-Z]|\b)oude.?tonge(?:[^a-zA-Z]|\b),1,10,0.1
(?:[^a-zA-Z]|\b)tongelre(?:[^a-zA-Z]|\b),0,0,0.0
(?:[^a-zA-Z]|\b)tubbergen(?:[^a-zA-Z]|\b),0,3,0.0
(?:[^a-zA-Z]|\b)tull.?en.?.?t.?waal(?:[^a-zA-Z]|\b),0,0,0.0
(?:[^a-zA-Z]|\b)twisk(?:[^a-zA-Z]|\b),0,3,0.0
(?:[^a-zA-Z]|\b)ubach.?over.?worms(?:[^a-zA-Z]|\b),0,0,0.0
(?:[^a-zA-Z]|\b)ubbergen(?:[^a-zA-Z]|\b),1,1,1.0
(?:[^a-zA-Z]|\b)uden(?:[^a-zA-Z]|\b),21,195,0.1076923076923077
(?:[^a-zA-Z]|\b)udenhout(?:[^a-zA-Z]|\b),4,22,0.18181818181818182
(?:[^a-zA-Z]|\b)uitgeest(?:[^a-zA-Z]|\b),14,50,0.28
(?:[^a-zA-Z]|\b)uithoorn(?:[^a-zA-Z]|\b),5,35,0.14285714285714285
(?:[^a-zA-Z]|\b)uithuizen(?:[^a-zA-Z]|\b),1,1,1.0
(?:[^a-zA-Z]|\b)uithuizermeeden(?:[^a-zA-Z]|\b),0,0,0.0
(?:[^a-zA-Z]|\b)ulestraten(?:[^a-zA-Z]|\b),0,1,0.0
(?:[^a-zA-Z]|\b)ulrum(?:[^a-zA-Z]|\b),2,12,0.16666666666666666
(?:[^a-zA-Z]|\b)urk(?:[^a-zA-Z]|\b),12,37,0.32432432432432434
(?:[^a-zA-Z]|\b)urmond(?:[^a-zA-Z]|\b),0,0,0.0
(?:[^a-zA-Z]|\b)ursem(?:[^a-zA-Z]|\b),0,3,0.0
(?:[^a-zA-Z]|\b)usquert(?:[^a-zA-Z]|\b),0,2,0.0
(?:[^a-zA-Z]|\b)utingeradeel(?:[^a-zA-Z]|\b),1,6,0.16666666666666666
(?:[^a-zA-Z]|\b)u.?trecht(?:[^a-zA-Z]|\b),378,1201,0.3147377185678601
(?:[^a-zA-Z]|\b)vaals(?:[^a-zA-Z]|\b),1,3,0.3333333333333333
(?:[^a-zA-Z]|\b)valburg(?:[^a-zA-Z]|\b),0,1,0.0
(?:[^a-zA-Z]|\b)valkenburg(?:[^a-zA-Z]|\b),5,45,0.1111111111111111
(?:[^a-zA-Z]|\b)valkenburg(?:[^a-zA-Z]|\b),5,45,0.1111111111111111
(?:[^a-zA-Z]|\b)valkenswaard(?:[^a-zA-Z]|\b),1,12,0.08333333333333333
(?:[^a-zA-Z]|\b)varik(?:[^a-zA-Z]|\b),3,7,0.42857142857142855
(?:[^a-zA-Z]|\b)veen(?:[^a-zA-Z]|\b),13,225,0.057777777777777775
(?:[^a-zA-Z]|\b)veendam(?:[^a-zA-Z]|\b),13,45,0.28888888888888886
(?:[^a-zA-Z]|\b)veenendaal(?:[^a-zA-Z]|\b),4,31,0.12903225806451613
(?:[^a-zA-Z]|\b)veere(?:[^a-zA-Z]|\b),4,32,0.125
(?:[^a-zA-Z]|\b)veghel(?:[^a-zA-Z]|\b),2,8,0.25
(?:[^a-zA-Z]|\b)veldhoven(?:[^a-zA-Z]|\b),0,1,0.0
(?:[^a-zA-Z]|\b)veldhuizen(?:[^a-zA-Z]|\b),3,6,0.5
(?:[^a-zA-Z]|\b)velp(?:[^a-zA-Z]|\b),4,25,0.16
(?:[^a-zA-Z]|\b)vel(z|s)en(?:[^a-zA-Z]|\b),7,45,0.15555555555555556
(?:[^a-zA-Z]|\b)venhuizen(?:[^a-zA-Z]|\b),0,1,0.0
(?:[^a-zA-Z]|\b)venlo(?:[^a-zA-Z]|\b),37,171,0.21637426900584794
(?:[^a-zA-Z]|\b)venray(?:[^a-zA-Z]|\b),1,7,0.14285714285714285
(?:[^a-zA-Z]|\b)vesse(m|m.?.?wintelre.?e?n?.?knegsel)(?:[^a-zA-Z]|\b),0,2,0.0
(?:[^a-zA-Z]|\b)veur(?:[^a-zA-Z]|\b),3,19,0.15789473684210525
(?:[^a-zA-Z]|\b)vianen(?:[^a-zA-Z]|\b),7,40,0.175
(?:[^a-zA-Z]|\b)vierlingsbeek(?:[^a-zA-Z]|\b),1,4,0.25
(?:[^a-zA-Z]|\b)vierpolders(?:[^a-zA-Z]|\b),1,16,0.0625
(?:[^a-zA-Z]|\b)vinkevee(n|n.?e?n?.?waverveen)(?:[^a-zA-Z]|\b),11,32,0.34375
(?:[^a-zA-Z]|\b)vlaardingen(?:[^a-zA-Z]|\b),14,108,0.12962962962962962
(?:[^a-zA-Z]|\b)vlaardinger.?ambacht(?:[^a-zA-Z]|\b),0,9,0.0
(?:[^a-zA-Z]|\b)vlagtwedde(?:[^a-zA-Z]|\b),1,1,1.0
(?:[^a-zA-Z]|\b)vledder(?:[^a-zA-Z]|\b),2,9,0.2222222222222222
(?:[^a-zA-Z]|\b)vleuten(?:[^a-zA-Z]|\b),6,102,0.058823529411764705
(?:[^a-zA-Z]|\b)vlieland(?:[^a-zA-Z]|\b),2,9,0.2222222222222222
(?:[^a-zA-Z]|\b)vlierden(?:[^a-zA-Z]|\b),0,2,0.0
(?:[^a-zA-Z]|\b)vl(ij|y)men(?:[^a-zA-Z]|\b),4,19,0.21052631578947367
(?:[^a-zA-Z]|\b)vlissingen(?:[^a-zA-Z]|\b),60,385,0.15584415584415584
(?:[^a-zA-Z]|\b)vlist(?:[^a-zA-Z]|\b),3,17,0.17647058823529413
(?:[^a-zA-Z]|\b)vlodrop(?:[^a-zA-Z]|\b),0,1,0.0
(?:[^a-zA-Z]|\b)voerenda(e|a)l(?:[^a-zA-Z]|\b),0,0,0.0
(?:[^a-zA-Z]|\b)vollenhove(?:[^a-zA-Z]|\b),8,23,0.34782608695652173
(?:[^a-zA-Z]|\b)vollenhove(?:[^a-zA-Z]|\b),8,23,0.34782608695652173
(?:[^a-zA-Z]|\b)voorburg(?:[^a-zA-Z]|\b),10,69,0.14492753623188406
(?:[^a-zA-Z]|\b)voorhout(?:[^a-zA-Z]|\b),5,31,0.16129032258064516
(?:[^a-zA-Z]|\b)voorschoten(?:[^a-zA-Z]|\b),14,45,0.3111111111111111
(?:[^a-zA-Z]|\b)voorst(?:[^a-zA-Z]|\b),6,36,0.16666666666666666
(?:[^a-zA-Z]|\b)vorden(?:[^a-zA-Z]|\b),3,15,0.2
(?:[^a-zA-Z]|\b)vreeland(?:[^a-zA-Z]|\b),1,7,0.14285714285714285
(?:[^a-zA-Z]|\b)vreesw(ij|y)k(?:[^a-zA-Z]|\b),9,41,0.21951219512195122
(?:[^a-zA-Z]|\b)vries(?:[^a-zA-Z]|\b),25,298,0.08389261744966443
(?:[^a-zA-Z]|\b)vriezenveen(?:[^a-zA-Z]|\b),1,6,0.16666666666666666
(?:[^a-zA-Z]|\b)vr(ij|y)enban(?:[^a-zA-Z]|\b),1,21,0.047619047619047616
(?:[^a-zA-Z]|\b)vr(ij|y)hoeve.?cappelle(?:[^a-zA-Z]|\b),0,0,0.0
(?:[^a-zA-Z]|\b)vrouwenpolder(?:[^a-zA-Z]|\b),0,0,0.0
(?:[^a-zA-Z]|\b)vught(?:[^a-zA-Z]|\b),6,27,0.2222222222222222
(?:[^a-zA-Z]|\b)vuren(?:[^a-zA-Z]|\b),10,107,0.09345794392523364
(?:[^a-zA-Z]|\b)waalre(?:[^a-zA-Z]|\b),0,1,0.0
(?:[^a-zA-Z]|\b)waalw(ij|y)k(?:[^a-zA-Z]|\b),6,41,0.14634146341463414
(?:[^a-zA-Z]|\b)waarde(?:[^a-zA-Z]|\b),55,441,0.12471655328798185
(?:[^a-zA-Z]|\b)waardenburg(?:[^a-zA-Z]|\b),2,11,0.18181818181818182
(?:[^a-zA-Z]|\b)waarder(?:[^a-zA-Z]|\b),8,28,0.2857142857142857
(?:[^a-zA-Z]|\b)waddin(x|ks)veen(?:[^a-zA-Z]|\b),5,29,0.1724137931034483
(?:[^a-zA-Z]|\b)waddin(x|ks)veen(?:[^a-zA-Z]|\b),5,29,0.1724137931034483
(?:[^a-zA-Z]|\b)wadeno(ij|y)en(?:[^a-zA-Z]|\b),0,3,0.0
(?:[^a-zA-Z]|\b)wageningen(?:[^a-zA-Z]|\b),9,72,0.125
(?:[^a-zA-Z]|\b)wamel(?:[^a-zA-Z]|\b),3,5,0.6
(?:[^a-zA-Z]|\b)wanneperveen(?:[^a-zA-Z]|\b),4,8,0.5
(?:[^a-zA-Z]|\b)wanroo?(ij|y)(?:[^a-zA-Z]|\b),0,4,0.0
(?:[^a-zA-Z]|\b)wanssum(?:[^a-zA-Z]|\b),0,6,0.0
(?:[^a-zA-Z]|\b)warder(?:[^a-zA-Z]|\b),2,16,0.125
(?:[^a-zA-Z]|\b)warffum(?:[^a-zA-Z]|\b),1,5,0.2
(?:[^a-zA-Z]|\b)warmenhuizen(?:[^a-zA-Z]|\b),0,0,0.0
(?:[^a-zA-Z]|\b)warmond(?:[^a-zA-Z]|\b),5,27,0.18518518518518517
(?:[^a-zA-Z]|\b)warnsveld(?:[^a-zA-Z]|\b),0,4,0.0
(?:[^a-zA-Z]|\b)waspik(?:[^a-zA-Z]|\b),1,17,0.058823529411764705
(?:[^a-zA-Z]|\b)wassenaar(?:[^a-zA-Z]|\b),10,81,0.12345679012345678
(?:[^a-zA-Z]|\b)watergraafsmeer(?:[^a-zA-Z]|\b),0,0,0.0
(?:[^a-zA-Z]|\b)wateringen(?:[^a-zA-Z]|\b),4,38,0.10526315789473684
(?:[^a-zA-Z]|\b)waterlandkerkje(?:[^a-zA-Z]|\b),0,0,0.0
(?:[^a-zA-Z]|\b)wedde(?:[^a-zA-Z]|\b),1,5,0.2
(?:[^a-zA-Z]|\b)weerselo(?:[^a-zA-Z]|\b),1,1,1.0
(?:[^a-zA-Z]|\b)weert(?:[^a-zA-Z]|\b),3,22,0.13636363636363635
(?:[^a-zA-Z]|\b)weesp(?:[^a-zA-Z]|\b),17,68,0.25
(?:[^a-zA-Z]|\b)weesperkarspel(?:[^a-zA-Z]|\b),10,29,0.3448275862068966
(?:[^a-zA-Z]|\b)wehl(?:[^a-zA-Z]|\b),0,0,0.0
(?:[^a-zA-Z]|\b)wemeldinge(?:[^a-zA-Z]|\b),5,9,0.5555555555555556
(?:[^a-zA-Z]|\b)werkendam(?:[^a-zA-Z]|\b),19,44,0.4318181818181818
(?:[^a-zA-Z]|\b)werkhoven(?:[^a-zA-Z]|\b),1,15,0.06666666666666667
(?:[^a-zA-Z]|\b)wervershoof(?:[^a-zA-Z]|\b),0,0,0.0
(?:[^a-zA-Z]|\b)wessem(?:[^a-zA-Z]|\b),5,17,0.29411764705882354
(?:[^a-zA-Z]|\b)westbroek(?:[^a-zA-Z]|\b),1,5,0.2
(?:[^a-zA-Z]|\b)westdongeradeel(?:[^a-zA-Z]|\b),2,8,0.25
(?:[^a-zA-Z]|\b)westdorpe(?:[^a-zA-Z]|\b),0,5,0.0
(?:[^a-zA-Z]|\b)westerbork(?:[^a-zA-Z]|\b),0,3,0.0
(?:[^a-zA-Z]|\b)westerhoven(?:[^a-zA-Z]|\b),0,0,0.0
(?:[^a-zA-Z]|\b)westervoort(?:[^a-zA-Z]|\b),5,29,0.1724137931034483
(?:[^a-zA-Z]|\b)westkapelle(?:[^a-zA-Z]|\b),0,6,0.0
(?:[^a-zA-Z]|\b)westmaas(?:[^a-zA-Z]|\b),1,10,0.1
(?:[^a-zA-Z]|\b)weststellingwerf(?:[^a-zA-Z]|\b),4,11,0.36363636363636365
(?:[^a-zA-Z]|\b)westwoud(?:[^a-zA-Z]|\b),0,0,0.0
(?:[^a-zA-Z]|\b)westzaan(?:[^a-zA-Z]|\b),2,13,0.15384615384615385
(?:[^a-zA-Z]|\b)wierden(?:[^a-zA-Z]|\b),3,19,0.15789473684210525
(?:[^a-zA-Z]|\b)wieringen(?:[^a-zA-Z]|\b),0,22,0.0
(?:[^a-zA-Z]|\b)wieringerwaard(?:[^a-zA-Z]|\b),0,1,0.0
(?:[^a-zA-Z]|\b)w(ij|y)chen(?:[^a-zA-Z]|\b),0,1,0.0
(?:[^a-zA-Z]|\b)w(ij|y)denes(?:[^a-zA-Z]|\b),1,2,0.5
(?:[^a-zA-Z]|\b)w(ij|y)dewormer(?:[^a-zA-Z]|\b),0,1,0.0
(?:[^a-zA-Z]|\b)w(ij|y)he(?:[^a-zA-Z]|\b),16,66,0.24242424242424243
(?:[^a-zA-Z]|\b)de.?w(ij|y)k(?:[^a-zA-Z]|\b),10,74,0.13513513513513514
(?:[^a-zA-Z]|\b)w(ij|y)k.?aan.?zee.?en.?duin(?:[^a-zA-Z]|\b),0,5,0.0
(?:[^a-zA-Z]|\b)w(ij|y)k.?b(ij|y).?duurstede(?:[^a-zA-Z]|\b),4,39,0.10256410256410256
(?:[^a-zA-Z]|\b)w(ij|y)(k|k.?e?n?.?aalburg)(?:[^a-zA-Z]|\b),52,597,0.08710217755443886
(?:[^a-zA-Z]|\b)w(ij|y)lre(?:[^a-zA-Z]|\b),0,0,0.0
(?:[^a-zA-Z]|\b)w(ij|y)mbritseradeel(?:[^a-zA-Z]|\b),1,2,0.5
(?:[^a-zA-Z]|\b)w(ij|y)nandsrade(?:[^a-zA-Z]|\b),0,1,0.0
(?:[^a-zA-Z]|\b)w(ij|y)ngaarden(?:[^a-zA-Z]|\b),4,35,0.11428571428571428
(?:[^a-zA-Z]|\b)wildervank(?:[^a-zA-Z]|\b),4,27,0.14814814814814814
(?:[^a-zA-Z]|\b)willemstad(?:[^a-zA-Z]|\b),1,36,0.027777777777777776
(?:[^a-zA-Z]|\b)willeskop(?:[^a-zA-Z]|\b),1,13,0.07692307692307693
(?:[^a-zA-Z]|\b)willige.?langerak(?:[^a-zA-Z]|\b),1,6,0.16666666666666666
(?:[^a-zA-Z]|\b)wilnis(?:[^a-zA-Z]|\b),11,34,0.3235294117647059
(?:[^a-zA-Z]|\b)wilsum(?:[^a-zA-Z]|\b),0,0,0.0
(?:[^a-zA-Z]|\b)winkel(?:[^a-zA-Z]|\b),18,180,0.1
(?:[^a-zA-Z]|\b)winschoten(?:[^a-zA-Z]|\b),18,58,0.3103448275862069
(?:[^a-zA-Z]|\b)winsum(?:[^a-zA-Z]|\b),3,8,0.375
(?:[^a-zA-Z]|\b)wintersw(ij|y)k(?:[^a-zA-Z]|\b),3,14,0.21428571428571427
(?:[^a-zA-Z]|\b)wisch(?:[^a-zA-Z]|\b),2,10,0.2
(?:[^a-zA-Z]|\b)wissenkerke(?:[^a-zA-Z]|\b),0,0,0.0
(?:[^a-zA-Z]|\b)wittem(?:[^a-zA-Z]|\b),0,1,0.0
(?:[^a-zA-Z]|\b)woensdrecht(?:[^a-zA-Z]|\b),9,32,0.28125
(?:[^a-zA-Z]|\b)woensel(?:[^a-zA-Z]|\b),0,0,0.0
(?:[^a-zA-Z]|\b)woerden(?:[^a-zA-Z]|\b),21,102,0.20588235294117646
(?:[^a-zA-Z]|\b)wognum(?:[^a-zA-Z]|\b),0,2,0.0
(?:[^a-zA-Z]|\b)wolphaartsd(ij|y)k(?:[^a-zA-Z]|\b),0,1,0.0
(?:[^a-zA-Z]|\b)wonseradeel(?:[^a-zA-Z]|\b),2,9,0.2222222222222222
(?:[^a-zA-Z]|\b)workum(?:[^a-zA-Z]|\b),5,52,0.09615384615384616
(?:[^a-zA-Z]|\b)wormer(?:[^a-zA-Z]|\b),0,7,0.0
(?:[^a-zA-Z]|\b)wormerveer(?:[^a-zA-Z]|\b),6,41,0.14634146341463414
(?:[^a-zA-Z]|\b)woubrugge(?:[^a-zA-Z]|\b),8,45,0.17777777777777778
(?:[^a-zA-Z]|\b)woudenberg(?:[^a-zA-Z]|\b),3,29,0.10344827586206896
(?:[^a-zA-Z]|\b)woudrichem(?:[^a-zA-Z]|\b),5,15,0.3333333333333333
(?:[^a-zA-Z]|\b)wouw(?:[^a-zA-Z]|\b),1,8,0.125
(?:[^a-zA-Z]|\b)zaamslag(?:[^a-zA-Z]|\b),3,11,0.2727272727272727
(?:[^a-zA-Z]|\b)zaandam(?:[^a-zA-Z]|\b),8,86,0.09302325581395349
(?:[^a-zA-Z]|\b)zaand(ij|y)k(?:[^a-zA-Z]|\b),1,7,0.14285714285714285
(?:[^a-zA-Z]|\b)zal(k|k.?e?n?.?veecaten)(?:[^a-zA-Z]|\b),3,7,0.42857142857142855
(?:[^a-zA-Z]|\b)zandvoort(?:[^a-zA-Z]|\b),1,7,0.14285714285714285
(?:[^a-zA-Z]|\b)zeeland(?:[^a-zA-Z]|\b),53,183,0.2896174863387978
(?:[^a-zA-Z]|\b)zeelst(?:[^a-zA-Z]|\b),0,1,0.0
(?:[^a-zA-Z]|\b)zegveld(?:[^a-zA-Z]|\b),9,28,0.32142857142857145
